idx,name,y_true,y_predict,跨层依赖数,被跨层依赖数,分类错误,反向依赖数,被反向依赖数
0,GConf2,系统,核心,0,1,-1,2,0
1,GeoIP,应用,应用,0,0,0,0,0
2,GeoIP-GeoLite-data,应用,系统,0,0,-1,0,0
3,HdrHistogram_c,应用,核心,0,0,-1,0,0
4,Judy,应用,应用,0,0,0,0,0
5,LibRaw,应用,应用,1,0,0,0,0
6,ModemManager,应用,核心,2,0,-1,1,1
7,NetworkManager,系统,核心,0,0,-1,10,0
8,NetworkManager-libreswan,系统,其它,0,0,1,0,0
9,OpenEXR,应用,应用,2,0,0,0,0
10,OpenIPMI,应用,核心,3,0,-1,1,0
11,PackageKit,应用,核心,2,0,-1,2,0
12,PyYAML,应用,核心,1,0,-1,0,0
13,SDL,应用,应用,1,0,0,0,0
14,WALinuxAgent,应用,系统,0,0,-1,0,0
15,Xaw3d,应用,应用,0,0,0,0,0
16,a52dec,应用,应用,0,0,0,0,0
17,aajohan-comfortaa-fonts,其它,其它,0,0,0,0,0
18,abattis-cantarell-fonts,其它,其它,0,0,0,0,0
19,abrt,应用,系统,1,0,-1,0,0
20,abrt-java-connector,系统,应用,0,0,1,0,0
21,accel-config,应用,应用,0,0,0,0,0
22,accountsservice,应用,核心,3,0,-1,1,0
23,acl,核心,核心,0,9,0,0,0
24,acpica-tools,系统,系统,0,0,0,0,0
25,acpid,系统,核心,0,0,-1,1,0
26,adcli,应用,系统,1,0,-1,0,0
27,adobe-mappings-cmap,应用,其它,0,0,1,0,0
28,adobe-mappings-pdf,应用,其它,0,0,1,0,0
29,adwaita-icon-theme,其它,其它,0,0,0,0,0
30,adwaita-qt,应用,应用,0,0,0,0,0
31,alsa-firmware,系统,核心,0,0,-1,0,0
32,alsa-lib,系统,应用,0,0,1,0,0
33,alsa-plugins,系统,其它,0,0,1,0,0
34,alsa-sof-firmware,系统,应用,0,0,1,0,0
35,alsa-tools,系统,其它,0,0,1,0,0
36,alsa-utils,系统,应用,0,0,1,0,0
37,amanda,应用,核心,0,0,-1,0,0
38,anaconda,系统,系统,0,0,0,25,0
39,anaconda-user-help,系统,其它,0,0,1,0,0
40,anolis-logos,核心,核心,0,0,0,0,0
41,anolis-release,核心,核心,0,0,0,0,0
42,ansible-core,应用,其它,0,0,1,0,0
43,ansible-freeipa,应用,应用,0,0,0,0,0
44,ant,应用,应用,0,0,0,0,0
45,aom,应用,应用,0,0,0,0,0
46,apache-commons-cli,应用,应用,0,0,0,0,0
47,apache-commons-codec,应用,其它,0,0,1,0,0
48,apache-commons-collections,应用,系统,0,0,-1,0,0
49,apache-commons-compress,应用,应用,0,0,0,0,0
50,apache-commons-io,应用,应用,0,0,0,0,0
51,apache-commons-jxpath,应用,应用,0,0,0,0,0
52,apache-commons-lang3,应用,应用,0,0,0,0,0
53,apache-commons-logging,应用,应用,0,0,0,0,0
54,apache-commons-net,应用,应用,0,0,0,0,0
55,appstream-data,应用,其它,0,0,1,0,0
56,apr,应用,核心,0,0,-1,0,0
57,apr-util,应用,应用,0,0,0,0,0
58,arpwatch,应用,核心,2,0,-1,1,0
59,asciidoc,应用,系统,0,0,-1,0,0
60,aspell,应用,应用,3,0,0,0,0
61,aspell-en,应用,应用,0,0,0,0,0
62,at,系统,核心,0,0,-1,1,0
63,at-spi2-atk,系统,系统,0,0,0,0,0
64,at-spi2-core,系统,系统,0,0,0,0,0
65,atk,系统,系统,0,8,0,0,0
66,atkmm,系统,应用,0,0,1,1,0
67,atlas,系统,系统,0,0,0,0,0
68,attr,核心,核心,0,5,0,0,0
69,audit,核心,核心,0,8,0,6,0
70,augeas,应用,系统,2,0,-1,0,0
71,authselect,系统,核心,0,0,-1,2,0
72,autoconf,应用,系统,2,0,-1,0,1
73,autoconf-archive,系统,应用,0,0,1,0,0
74,autofs,应用,核心,8,0,-1,1,0
75,autogen,应用,应用,0,0,0,0,1
76,automake,应用,核心,1,0,-1,0,2
77,autotrace,应用,应用,0,0,0,0,0
78,avahi,应用,核心,3,0,-1,2,1
79,awscli,应用,应用,0,0,0,0,0
80,babel,应用,系统,0,0,-1,0,0
81,babeltrace,应用,核心,2,0,-1,0,2
82,babl,应用,应用,1,0,0,0,0
83,bacula,应用,核心,0,0,-1,1,0
84,baobab,应用,系统,1,0,-1,0,0
85,basesystem,核心,核心,0,0,0,0,0
86,bash,核心,核心,0,115,0,1,0
87,bash-completion,应用,应用,0,0,0,0,0
88,bc,系统,系统,0,0,0,0,0
89,bcc,应用,系统,0,0,-1,0,0
90,bind,系统,核心,0,0,-1,6,0
91,bind9.16,系统,系统,0,0,0,0,0
92,binutils,系统,系统,0,0,0,0,0
93,biosdevname,系统,应用,0,0,1,0,0
94,bison,应用,系统,3,0,-1,0,0
95,bitmap-fonts,其它,其它,0,0,0,0,0
96,blktrace,系统,系统,0,0,0,4,0
97,bluez,系统,核心,0,0,-1,4,0
98,blur-effect,应用,应用,0,0,0,0,0
99,bogofilter,应用,其它,0,0,1,0,0
100,bolt,应用,其它,2,0,1,1,0
101,boom-boot,系统,其它,0,0,1,0,0
102,boost,应用,核心,3,0,-1,0,2
103,booth,应用,其它,0,0,1,0,0
104,bpftrace,应用,核心,0,0,-1,0,0
105,brasero,应用,其它,0,0,1,1,0
106,breeze-icon-theme,其它,其它,0,0,0,0,0
107,brltty,应用,系统,0,0,-1,0,0
108,brotli,应用,核心,1,0,-1,0,1
109,bubblewrap,应用,应用,3,0,0,0,1
110,byteman,应用,系统,0,0,-1,0,1
111,byzanz,其它,其它,0,0,0,0,0
112,bzip2,核心,核心,0,12,0,0,0
113,c-ares,应用,应用,0,0,0,0,0
114,c2esp,应用,系统,0,0,-1,0,0
115,ca-certificates,系统,应用,0,0,1,0,0
116,cachefilesd,系统,核心,0,0,-1,1,0
117,cairo,系统,系统,0,9,0,3,0
118,cairomm,系统,系统,0,0,0,2,0
119,cdparanoia,应用,系统,0,0,-1,0,0
120,cdrdao,应用,应用,0,0,0,0,0
121,cdrkit,应用,核心,0,0,-1,0,0
122,celt051,应用,应用,0,0,0,0,0
123,ceph,其它,核心,2,0,-1,0,1
124,certmonger,应用,应用,0,0,0,0,0
125,chan,应用,核心,0,0,-1,0,0
126,check,应用,应用,3,0,0,0,0
127,checkpolicy,系统,系统,0,0,0,0,0
128,cheese,其它,应用,7,0,-1,0,0
129,chkconfig,系统,系统,0,0,0,1,0
130,chrome-gnome-shell,其它,其它,0,0,0,0,0
131,chrony,应用,核心,5,0,-1,1,1
132,chrpath,应用,应用,1,0,0,0,0
133,cifs-utils,应用,应用,0,0,0,0,0
134,cim-schema,应用,其它,0,0,1,0,0
135,cjose,应用,系统,2,0,-1,0,0
136,clang,应用,系统,0,0,-1,0,0
137,cldr-emoji-annotation,应用,其它,0,0,1,0,0
138,clevis,应用,系统,0,0,-1,0,0
139,cloud-init,其它,系统,0,0,-1,0,0
140,clucene,应用,应用,0,0,0,0,0
141,clufter,系统,系统,0,0,0,0,0
142,clutter,系统,核心,0,1,-1,14,0
143,clutter-gst2,系统,应用,0,0,1,0,0
144,clutter-gst3,系统,应用,0,0,1,0,0
145,clutter-gtk,系统,应用,0,0,1,0,0
146,cmake,应用,系统,2,0,-1,0,0
147,cockpit,应用,核心,7,0,-1,1,0
148,cockpit-appstream,应用,其它,0,0,1,0,0
149,cockpit-composer,应用,应用,0,0,0,0,0
150,cockpit-session-recording,应用,其它,0,0,1,0,0
151,codemodel,应用,应用,0,0,0,0,0
152,cogl,应用,应用,1,0,0,0,1
153,color-filesystem,应用,其它,0,0,1,0,0
154,colord,应用,核心,2,0,-1,1,1
155,colord-gtk,应用,应用,0,0,0,0,0
156,compat-libtiff3,应用,应用,0,0,0,0,0
157,conntrack-tools,应用,核心,0,0,-1,0,0
158,container-exception-logger,应用,其它,0,0,1,0,0
159,containerd,应用,其它,0,0,1,0,0
160,convmv,应用,核心,0,0,-1,0,0
161,copy-jdk-configs,应用,其它,0,0,1,0,0
162,coreutils,系统,系统,0,3,0,0,6
163,corosync,应用,其它,0,0,1,0,0
164,corosync-qdevice,应用,其它,0,0,1,0,0
165,cpio,系统,系统,0,0,0,0,0
166,cppcheck,应用,应用,1,0,0,0,0
167,cppunit,应用,应用,1,0,0,0,0
168,cracklib,系统,系统,0,0,0,0,1
169,crash,应用,应用,2,0,0,0,0
170,crash-gcore-command,应用,应用,0,0,0,0,0
171,crash-ptdump-command,应用,应用,0,0,0,0,0
172,crash-trace-command,应用,应用,0,0,0,0,0
173,crda,应用,核心,2,0,-1,1,1
174,createrepo_c,应用,系统,5,0,-1,0,1
175,cronie,系统,系统,0,0,0,1,0
176,crontabs,系统,系统,0,0,0,0,0
177,crypto-policies,系统,系统,0,0,0,0,0
178,cryptsetup,核心,核心,0,2,0,3,0
179,cscope,应用,系统,2,0,-1,0,0
180,ctags,应用,系统,1,0,-1,0,0
181,culmus-fonts,其它,其它,0,0,0,0,0
182,cups,应用,核心,9,0,-1,2,3
183,cups-filters,应用,应用,0,0,0,0,0
184,cups-pk-helper,应用,其它,0,0,1,0,0
185,curl,系统,核心,0,2,-1,2,1
186,cyrus-imapd,系统,其它,0,0,1,0,0
187,cyrus-sasl,系统,系统,0,0,0,0,0
188,dav1d,应用,应用,0,0,0,0,0
189,dbus,其它,核心,7,0,-1,0,30
190,dbus-c++,系统,其它,0,0,1,0,0
191,dbus-glib,系统,应用,0,0,1,0,0
192,dbus-python,应用,其它,0,0,1,0,0
193,dbusmenu-qt,其它,其它,0,0,0,0,0
194,dbxtool,系统,核心,0,0,-1,1,0
195,dconf,系统,应用,0,2,1,1,0
196,dconf-editor,应用,其它,0,0,1,0,0
197,dcraw,应用,应用,1,0,0,0,0
198,dde,其它,其它,0,0,0,0,0
199,dde-account-faces,其它,其它,0,0,0,0,0
200,dde-api,其它,应用,0,0,-1,0,0
201,dde-calendar,其它,其它,0,0,0,0,0
202,dde-clipboard,其它,其它,0,0,0,0,0
203,dde-control-center,其它,其它,0,0,0,0,0
204,dde-daemon,其它,其它,0,0,0,0,0
205,dde-device-formatter,其它,应用,0,0,-1,0,0
206,dde-dock,其它,其它,0,0,0,0,0
207,dde-file-manager,其它,其它,0,0,0,0,0
208,dde-kwin,其它,其它,0,0,0,0,0
209,dde-launcher,其它,应用,0,0,-1,0,0
210,dde-network-utils,其它,其它,0,0,0,0,0
211,dde-polkit-agent,其它,其它,0,0,0,0,0
212,dde-printer,其它,其它,0,0,0,0,0
213,dde-qt-dbus-factory,其它,其它,0,0,0,0,0
214,dde-qt5integration,其它,其它,0,0,0,0,0
215,dde-qt5platform-plugins,其它,应用,0,0,-1,0,0
216,dde-server-industry-config,其它,应用,0,0,-1,0,0
217,dde-session-shell,其它,其它,0,0,0,0,0
218,dde-session-ui,其它,其它,0,0,0,0,0
219,deepin-anything,其它,应用,0,0,-1,0,0
220,deepin-authenticate,其它,应用,0,0,-1,0,0
221,deepin-boot-maker,其它,其它,0,0,0,0,0
222,deepin-calculator,其它,其它,0,0,0,0,0
223,deepin-compressor,其它,其它,0,0,0,0,0
224,deepin-default-settings,其它,其它,0,0,0,0,0
225,deepin-desktop-base,其它,其它,0,0,0,0,0
226,deepin-desktop-schemas,其它,其它,0,0,0,0,0
227,deepin-devicemanager,其它,其它,0,0,0,0,0
228,deepin-diskmanager,其它,其它,0,0,0,0,0
229,deepin-editor,其它,其它,0,0,0,0,0
230,deepin-fcitxconfigtool-plugin,其它,其它,0,0,0,0,0
231,deepin-font-manager,其它,其它,0,0,0,0,0
232,deepin-gettext-tools,其它,其它,0,0,0,0,0
233,deepin-gtk-theme,其它,其它,0,0,0,0,0
234,deepin-icon-theme,其它,其它,0,0,0,0,0
235,deepin-image-viewer,其它,其它,0,0,0,0,0
236,deepin-log-viewer,其它,其它,0,0,0,0,0
237,deepin-manual,其它,应用,0,0,-1,0,0
238,deepin-menu,其它,其它,0,0,0,0,0
239,deepin-picker,其它,其它,0,0,0,0,0
240,deepin-pw-check,其它,应用,0,0,-1,0,0
241,deepin-reader,其它,应用,0,0,-1,0,0
242,deepin-screen-recorder,其它,其它,0,0,0,0,0
243,deepin-shortcut-viewer,其它,其它,0,0,0,0,0
244,deepin-sound-theme,其它,其它,0,0,0,0,0
245,deepin-system-monitor,其它,应用,0,0,-1,0,0
246,deepin-terminal,其它,其它,0,0,0,0,0
247,deepin-turbo,其它,其它,0,0,0,0,0
248,deepin-wallpapers,其它,其它,0,0,0,0,0
249,dejagnu,应用,核心,1,0,-1,0,0
250,dejavu-fonts,其它,其它,0,0,0,0,0
251,desktop-file-utils,其它,其它,0,0,0,0,0
252,devhelp,应用,系统,0,0,-1,0,0
253,device-mapper-multipath,应用,其它,0,0,1,0,0
254,device-mapper-persistent-data,应用,应用,0,0,0,0,0
255,dhcp,系统,系统,0,0,0,3,0
256,dialog,应用,应用,1,0,0,0,0
257,diffstat,应用,应用,1,0,0,0,0
258,diffutils,系统,系统,0,0,0,0,0
259,ding-libs,系统,应用,0,0,1,0,0
260,disomaster,应用,应用,0,0,0,0,0
261,djvulibre,应用,应用,0,0,0,0,0
262,dleyna-connector-dbus,应用,应用,0,0,0,0,0
263,dleyna-core,应用,应用,0,0,0,0,0
264,dleyna-renderer,应用,应用,0,0,0,0,0
265,dleyna-server,应用,应用,0,0,0,0,0
266,dlm,应用,核心,1,0,-1,0,1
267,dmidecode,系统,核心,0,0,-1,0,0
268,dnf,系统,核心,0,0,-1,5,0
269,dnf-plugins-core,系统,应用,0,0,1,0,0
270,dnssec-trigger,应用,其它,0,0,1,0,0
271,docbook-dtds,应用,应用,0,0,0,0,0
272,docbook-style-dsssl,应用,应用,0,0,0,0,0
273,docbook-style-xsl,应用,应用,0,0,0,0,0
274,docbook-utils,应用,其它,0,0,1,0,0
275,docbook2X,应用,其它,1,0,1,0,0
276,docker,其它,其它,0,0,0,0,0
277,dos2unix,应用,应用,1,0,0,0,0
278,dosfstools,应用,应用,1,0,0,0,0
279,dotconf,应用,应用,0,0,0,0,0
280,dotnet,应用,应用,0,0,0,0,0
281,dotnet3.0,应用,应用,0,0,0,0,0
282,dotnet3.1,应用,应用,0,0,0,0,0
283,dotnet5.0,应用,应用,0,0,0,0,0
284,dotnet6.0,应用,应用,0,0,0,0,0
285,dovecot,其它,应用,0,0,-1,0,0
286,doxygen,应用,核心,1,0,-1,0,0
287,dpa-ext-gnomekeyring,应用,其它,0,0,1,0,0
288,dpdk,系统,系统,0,0,0,1,0
289,dracut,系统,核心,0,0,-1,3,2
290,drpm,应用,系统,5,0,-1,0,0
291,dtkcore,应用,其它,0,0,1,0,0
292,dtkgui,应用,其它,0,0,1,0,0
293,dtkwidget,应用,其它,0,0,1,0,0
294,dump,应用,系统,5,0,-1,0,0
295,dvd+rw-tools,应用,其它,0,0,1,0,0
296,dwz,应用,核心,2,0,-1,0,0
297,dyninst,应用,核心,0,0,-1,0,1
298,e2fsprogs,系统,系统,0,0,0,0,0
299,ed,应用,系统,3,0,-1,0,0
300,edk2,应用,系统,0,0,-1,0,0
301,efi-rpm-macros,系统,其它,0,0,1,0,0
302,efibootmgr,核心,核心,0,0,0,2,0
303,efivar,系统,应用,0,0,1,0,1
304,egl-wayland,应用,应用,0,0,0,0,0
305,elfutils,核心,核心,0,7,0,7,0
306,elinks,应用,应用,0,0,0,0,0
307,emacs,应用,核心,7,0,-1,1,1
308,enchant,应用,应用,1,0,0,0,0
309,enchant2,应用,应用,1,0,0,0,0
310,enscript,应用,核心,0,0,-1,0,0
311,environment-modules,应用,系统,0,0,-1,0,0
312,eog,其它,系统,3,0,-1,0,0
313,epel-aliyuncs-release,核心,核心,0,0,0,0,0
314,epel-release,核心,核心,0,0,0,0,0
315,epel-rpm-macros,系统,核心,0,0,-1,0,0
316,esc,应用,应用,0,0,0,0,0
317,espeak-ng,应用,应用,0,0,0,0,0
318,eth-tools,应用,系统,0,0,-1,0,0
319,ethtool,系统,核心,0,0,-1,1,0
320,evemu,系统,应用,0,0,1,1,0
321,evince,应用,系统,0,0,-1,1,0
322,evolution,其它,其它,12,0,0,0,0
323,evolution-data-server,其它,其它,0,0,0,0,0
324,evolution-ews,其它,应用,0,0,-1,0,0
325,evolution-mapi,其它,其它,0,0,0,0,0
326,exempi,应用,应用,2,0,0,0,0
327,exiv2,应用,应用,2,0,0,0,0
328,expat,系统,核心,0,1,-1,0,0
329,expect,应用,核心,2,0,-1,0,0
330,extra-cmake-modules,应用,其它,0,0,1,0,0
331,f32-backgrounds,其它,其它,0,0,0,0,0
332,faad2,应用,应用,0,0,0,0,0
333,fabtests,应用,应用,0,0,0,0,0
334,fapolicyd,应用,系统,0,0,-1,0,0
335,farstream02,应用,应用,0,0,0,0,0
336,fcitx,其它,其它,0,0,0,0,0
337,fcitx-configtool,其它,其它,0,0,0,0,0
338,fcitx-qt5,其它,其它,0,0,0,0,0
339,fcoe-utils,应用,系统,0,0,-1,0,0
340,fence-agents,应用,系统,0,0,-1,0,0
341,fence-virt,其它,其它,0,0,0,0,0
342,ffmpeg,应用,应用,0,0,0,0,0
343,ffmpegthumbnailer,应用,应用,0,0,0,0,0
344,fftw,应用,应用,0,0,0,0,0
345,fido-device-onboard,应用,应用,0,0,0,0,0
346,file,系统,系统,0,0,0,1,0
347,file-roller,应用,其它,0,0,1,0,0
348,filesystem,核心,核心,0,0,0,0,0
349,findutils,系统,系统,0,0,0,0,0
350,fio,应用,核心,0,0,-1,1,0
351,fipscheck,应用,系统,2,0,-1,0,0
352,firefox,应用,应用,0,0,0,0,0
353,firewalld,系统,系统,0,1,0,6,0
354,flac,应用,应用,1,0,0,0,0
355,flatpak,应用,核心,3,0,-1,1,1
356,flatpak-builder,应用,系统,0,0,-1,0,0
357,flex,系统,系统,0,0,0,0,0
358,fltk,应用,系统,0,0,-1,0,0
359,flute,应用,应用,0,0,0,0,0
360,fontawesome-fonts,其它,其它,0,0,0,0,0
361,fontconfig,系统,核心,0,0,-1,1,0
362,fontforge,应用,应用,0,0,0,0,0
363,fontpackages,应用,其它,0,0,1,0,1
364,fonts-tweak-tool,应用,其它,0,0,1,0,0
365,foomatic,应用,核心,0,0,-1,0,0
366,foomatic-db,应用,其它,0,0,1,0,0
367,fpc-srpm-macros,系统,系统,0,0,0,0,0
368,fprintd,应用,系统,0,0,-1,0,0
369,freeglut,应用,系统,0,0,-1,0,0
370,freeimage,应用,应用,0,0,0,0,0
371,freeipmi,应用,核心,3,0,-1,1,0
372,freerdp,应用,应用,0,0,0,0,0
373,freetype,系统,系统,0,0,0,0,0
374,frei0r-plugins,应用,应用,0,0,0,0,0
375,fribidi,应用,应用,1,0,0,0,0
376,frr,应用,应用,0,0,0,0,0
377,fstrm,应用,应用,1,0,0,0,1
378,fuse,系统,核心,0,0,-1,0,0
379,fuse-overlayfs,系统,系统,0,0,0,0,0
380,fuse-sshfs,系统,应用,0,0,1,0,0
381,fwupd,系统,核心,0,0,-1,5,0
382,fwupdate,系统,核心,0,0,-1,0,0
383,fxload,应用,核心,1,0,-1,1,0
384,gamin,应用,应用,1,0,0,0,1
385,gavl,应用,应用,1,0,0,0,0
386,gawk,核心,核心,0,4,0,3,0
387,gc,应用,应用,1,0,0,0,0
388,gcab,应用,应用,2,0,0,0,1
389,gcc,系统,系统,0,7,0,2,4
390,gcc-toolset-10,系统,系统,0,0,0,0,0
391,gcc-toolset-10-annobin,系统,系统,0,0,0,0,0
392,gcc-toolset-10-binutils,系统,系统,0,0,0,0,0
393,gcc-toolset-10-dwz,系统,系统,0,0,0,0,0
394,gcc-toolset-10-dyninst,系统,系统,0,0,0,0,0
395,gcc-toolset-10-elfutils,系统,应用,0,0,1,0,0
396,gcc-toolset-10-gcc,系统,系统,0,0,0,0,0
397,gcc-toolset-10-gdb,系统,系统,0,0,0,0,0
398,gcc-toolset-10-ltrace,系统,系统,0,0,0,0,0
399,gcc-toolset-10-make,系统,其它,0,0,1,0,0
400,gcc-toolset-10-strace,系统,系统,0,0,0,0,0
401,gcc-toolset-10-systemtap,系统,系统,0,0,0,0,0
402,gcc-toolset-10-valgrind,系统,系统,0,0,0,0,0
403,gcc-toolset-11,系统,系统,0,0,0,0,0
404,gcc-toolset-11-annobin,系统,系统,0,0,0,0,0
405,gcc-toolset-11-binutils,系统,系统,0,0,0,0,0
406,gcc-toolset-11-dwz,系统,系统,0,0,0,0,0
407,gcc-toolset-11-dyninst,系统,系统,0,0,0,0,0
408,gcc-toolset-11-elfutils,系统,应用,0,0,1,0,0
409,gcc-toolset-11-gcc,系统,系统,0,0,0,0,0
410,gcc-toolset-11-gdb,系统,系统,0,0,0,0,0
411,gcc-toolset-11-ltrace,系统,系统,0,0,0,0,0
412,gcc-toolset-11-make,系统,其它,0,0,1,0,0
413,gcc-toolset-11-strace,系统,系统,0,0,0,0,0
414,gcc-toolset-11-systemtap,系统,系统,0,0,0,0,0
415,gcc-toolset-11-valgrind,系统,系统,0,0,0,0,0
416,gcc-toolset-9,系统,系统,0,0,0,0,0
417,gcc-toolset-9-annobin,系统,系统,0,0,0,0,0
418,gcc-toolset-9-binutils,系统,系统,0,0,0,0,0
419,gcc-toolset-9-dwz,系统,系统,0,0,0,0,0
420,gcc-toolset-9-dyninst,系统,系统,0,0,0,0,0
421,gcc-toolset-9-elfutils,系统,系统,0,0,0,0,0
422,gcc-toolset-9-gcc,系统,系统,0,0,0,0,0
423,gcc-toolset-9-gdb,系统,系统,0,0,0,0,0
424,gcc-toolset-9-ltrace,系统,系统,0,0,0,0,0
425,gcc-toolset-9-make,系统,其它,0,0,1,0,0
426,gcc-toolset-9-strace,系统,系统,0,0,0,0,0
427,gcc-toolset-9-systemtap,系统,系统,0,0,0,0,0
428,gcc-toolset-9-valgrind,系统,系统,0,0,0,0,0
429,gcr,应用,其它,2,0,1,0,1
430,gd,应用,系统,2,0,-1,0,1
431,gdb,系统,核心,0,0,-1,4,0
432,gdbm,系统,系统,0,0,0,0,0
433,gdisk,其它,其它,4,0,0,0,2
434,gdk-pixbuf2,应用,应用,0,0,0,0,0
435,gdm,其它,应用,4,0,-1,0,0
436,gedit,其它,系统,8,0,-1,0,0
437,gedit-plugins,其它,其它,0,0,0,0,0
438,gegl,应用,应用,0,0,0,0,0
439,gegl04,应用,应用,2,0,0,0,0
440,genwqe-tools,应用,其它,0,0,1,0,0
441,geoclue2,应用,其它,2,0,1,2,0
442,geocode-glib,应用,应用,0,0,0,0,0
443,gettext,系统,核心,0,0,-1,3,0
444,gfbgraph,应用,系统,1,0,-1,0,0
445,gflags,应用,应用,0,0,0,0,0
446,gfs2-utils,应用,核心,0,0,-1,0,0
447,ghc-srpm-macros,系统,应用,0,0,1,0,0
448,ghostscript,应用,核心,4,0,-1,0,0
449,giflib,应用,应用,1,0,0,0,0
450,gimp,应用,系统,0,0,-1,0,0
451,gio-qt,应用,应用,0,0,0,0,0
452,git,应用,核心,0,0,-1,0,0
453,git-lfs,应用,应用,0,0,0,0,0
454,gjs,应用,系统,1,0,-1,0,0
455,glade,应用,系统,0,0,-1,0,0
456,glib-networking,应用,应用,0,0,0,0,0
457,glib2,系统,核心,0,8,-1,1,0
458,glibc,核心,核心,0,395,0,4,0
459,glibmm24,应用,应用,1,0,0,0,3
460,glog,应用,应用,0,0,0,0,0
461,glusterfs,其它,核心,8,0,-1,0,0
462,gmp,核心,核心,0,3,0,1,0
463,gnome-abrt,其它,其它,0,0,0,0,0
464,gnome-autoar,其它,应用,0,0,-1,0,0
465,gnome-bluetooth,其它,应用,0,0,-1,0,0
466,gnome-boxes,其它,其它,0,0,0,0,0
467,gnome-calculator,其它,其它,0,0,0,0,0
468,gnome-characters,其它,其它,0,0,0,0,0
469,gnome-color-manager,其它,其它,0,0,0,0,0
470,gnome-common,其它,系统,0,0,-1,0,0
471,gnome-control-center,其它,其它,0,0,0,0,0
472,gnome-desktop3,其它,其它,0,0,0,0,0
473,gnome-disk-utility,其它,应用,0,0,-1,0,0
474,gnome-font-viewer,其它,其它,0,0,0,0,0
475,gnome-getting-started-docs,其它,应用,0,0,-1,0,0
476,gnome-initial-setup,其它,其它,0,0,0,0,0
477,gnome-keyring,其它,应用,0,0,-1,0,0
478,gnome-logs,其它,应用,0,0,-1,0,0
479,gnome-menus,其它,其它,0,0,0,0,0
480,gnome-online-accounts,其它,其它,0,0,0,0,0
481,gnome-online-miners,其它,其它,0,0,0,0,0
482,gnome-photos,其它,其它,0,0,0,0,0
483,gnome-remote-desktop,其它,其它,0,0,0,0,0
484,gnome-screenshot,其它,应用,0,0,-1,0,0
485,gnome-session,其它,其它,0,0,0,0,0
486,gnome-settings-daemon,其它,其它,0,0,0,0,0
487,gnome-shell,其它,其它,0,0,0,0,0
488,gnome-shell-extensions,其它,其它,0,0,0,0,0
489,gnome-software,其它,其它,0,0,0,0,0
490,gnome-system-monitor,其它,应用,0,0,-1,0,0
491,gnome-terminal,其它,其它,0,0,0,0,0
492,gnome-themes-standard,其它,其它,0,0,0,0,0
493,gnome-tweaks,其它,其它,0,0,0,0,0
494,gnome-user-docs,其它,其它,0,0,0,0,0
495,gnome-video-effects,其它,应用,0,0,-1,0,0
496,gnu-free-fonts,其它,其它,0,0,0,0,0
497,gnupg2,系统,系统,0,0,0,1,0
498,gnuplot,应用,系统,0,0,-1,0,0
499,gnutls,核心,核心,0,12,0,5,0
500,go-srpm-macros,系统,系统,0,0,0,0,0
501,gobject-introspection,系统,其它,0,0,1,0,0
502,golang,系统,系统,0,0,0,0,0
503,golang-dbus,应用,其它,0,0,1,0,0
504,golang-github-axgle-mahonia,应用,应用,0,0,0,0,0
505,golang-github-cryptix-wav,应用,应用,0,0,0,0,0
506,golang-github-davecgh-go-spew,应用,应用,0,0,0,0,0
507,golang-github-disintegration-imaging,应用,应用,0,0,0,0,0
508,golang-github-fogleman-gg,应用,应用,0,0,0,0,0
509,golang-github-fsnotify-fsnotify,应用,应用,0,0,0,0,0
510,golang-github-gosexy-gettext,应用,应用,0,0,0,0,0
511,golang-github-kelvins-sunrisesunset,应用,应用,0,0,0,0,0
512,golang-github-lofanmi-pinyin,应用,应用,0,0,0,0,0
513,golang-github-mattn-go-sqlite3,应用,应用,0,0,0,0,0
514,golang-github-mozillazg-pinyin,应用,应用,0,0,0,0,0
515,golang-github-msteinert-pam,应用,应用,0,0,0,0,0
516,golang-github-nfnt-resize,应用,应用,0,0,0,0,0
517,golang-github-rickb777-date,应用,应用,0,0,0,0,0
518,golang-github-stretchr-testify,应用,应用,0,0,0,0,0
519,golang-gopkg-alecthomas-kingpin,应用,应用,0,0,0,0,0
520,golang-x-image,应用,应用,0,0,0,0,0
521,golang-x-text,应用,应用,0,0,0,0,0
522,golang-x-xerrors,应用,应用,0,0,0,0,0
523,gom,应用,系统,1,0,-1,0,0
524,google-api-python-client,应用,应用,0,0,0,0,0
525,google-crosextra-caladea-fonts,其它,其它,0,0,0,0,0
526,google-crosextra-carlito-fonts,其它,其它,0,0,0,0,0
527,google-droid-fonts,其它,其它,0,0,0,0,0
528,google-noto-fonts,其它,其它,0,0,0,0,0
529,google-roboto-slab-fonts,其它,其它,0,0,0,0,0
530,gpac,应用,应用,0,0,0,0,0
531,gperf,系统,应用,0,0,1,0,0
532,gpgme,系统,系统,0,0,0,1,0
533,gpm,应用,核心,0,0,-1,0,1
534,grafana,应用,应用,0,0,0,0,0
535,grafana-pcp,应用,系统,0,0,-1,0,0
536,graphite2,应用,核心,1,0,-1,0,0
537,graphviz,应用,系统,0,0,-1,0,0
538,greenboot,应用,系统,0,0,-1,0,0
539,grep,核心,核心,0,11,0,1,0
540,grilo,应用,系统,1,0,-1,0,0
541,grilo-plugins,应用,其它,0,0,1,0,0
542,groff,应用,其它,5,0,1,0,0
543,grub2,系统,系统,0,0,0,0,0
544,grubby,系统,系统,0,0,0,0,0
545,gsettings-desktop-schemas,其它,其它,0,0,0,0,0
546,gsettings-qt,系统,应用,0,0,1,0,0
547,gsl,应用,应用,0,0,0,0,0
548,gsm,应用,应用,1,0,0,0,0
549,gsound,应用,其它,0,0,1,0,0
550,gspell,应用,系统,1,0,-1,0,0
551,gssdp,应用,核心,1,0,-1,1,1
552,gssntlmssp,应用,应用,0,0,0,0,0
553,gssproxy,应用,核心,3,0,-1,1,0
554,gstreamer1,应用,应用,3,0,0,0,1
555,gstreamer1-plugins-bad-free,应用,应用,0,0,0,0,0
556,gstreamer1-plugins-base,应用,应用,0,0,0,0,0
557,gstreamer1-plugins-good,应用,应用,0,0,0,0,0
558,gstreamer1-plugins-ugly-free,应用,应用,0,0,0,0,0
559,gtk-vnc,应用,其它,0,0,1,0,0
560,gtk2,系统,应用,0,1,1,12,0
561,gtk3,系统,系统,0,10,0,15,0
562,gtkmm24,系统,系统,0,0,0,3,0
563,gtkmm30,系统,应用,0,0,1,2,0
564,gtksourceview3,应用,系统,1,0,-1,0,0
565,gtkspell,应用,其它,0,0,1,0,0
566,gtkspell3,应用,其它,1,0,1,0,0
567,guile,应用,核心,5,0,-1,0,1
568,gupnp,系统,核心,0,0,-1,4,0
569,gupnp-av,系统,其它,0,0,1,0,0
570,gupnp-dlna,系统,其它,0,0,1,0,0
571,gupnp-igd,系统,应用,0,0,1,0,0
572,gutenprint,应用,核心,0,0,-1,0,0
573,gvfs,系统,核心,0,3,-1,13,0
574,gzip,系统,系统,0,0,0,0,0
575,hardlink,系统,核心,0,0,-1,0,0
576,harfbuzz,应用,核心,1,0,-1,0,0
577,hdparm,应用,应用,1,0,0,0,0
578,hesiod,应用,系统,0,0,-1,0,0
579,hexchat,应用,系统,0,0,-1,0,0
580,hicolor-icon-theme,其它,其它,0,0,0,0,0
581,highlight,应用,系统,1,0,-1,0,0
582,hostname,应用,核心,2,0,-1,0,1
583,hplip,应用,系统,0,0,-1,0,0
584,hspell,应用,应用,0,0,0,0,0
585,htmlcxx,应用,应用,0,0,0,0,0
586,http-parser,应用,应用,0,0,0,0,0
587,httpd,应用,核心,0,0,-1,0,0
588,hunspell,应用,应用,1,0,0,0,0
589,hunspell-af,应用,应用,0,0,0,0,0
590,hunspell-ak,应用,应用,0,0,0,0,0
591,hunspell-am,应用,应用,0,0,0,0,0
592,hunspell-ar,应用,应用,0,0,0,0,0
593,hunspell-as,应用,应用,0,0,0,0,0
594,hunspell-ast,应用,应用,0,0,0,0,0
595,hunspell-az,应用,应用,0,0,0,0,0
596,hunspell-be,应用,应用,0,0,0,0,0
597,hunspell-ber,应用,应用,0,0,0,0,0
598,hunspell-bg,应用,应用,0,0,0,0,0
599,hunspell-bn,应用,应用,0,0,0,0,0
600,hunspell-br,应用,应用,0,0,0,0,0
601,hunspell-ca,应用,应用,0,0,0,0,0
602,hunspell-cop,应用,应用,0,0,0,0,0
603,hunspell-csb,应用,应用,0,0,0,0,0
604,hunspell-cv,应用,应用,0,0,0,0,0
605,hunspell-cy,应用,应用,0,0,0,0,0
606,hunspell-da,应用,应用,0,0,0,0,0
607,hunspell-de,应用,应用,0,0,0,0,0
608,hunspell-dsb,应用,应用,0,0,0,0,0
609,hunspell-el,应用,应用,0,0,0,0,0
610,hunspell-en,应用,应用,0,0,0,0,0
611,hunspell-eo,应用,应用,0,0,0,0,0
612,hunspell-es,应用,应用,0,0,0,0,0
613,hunspell-et,应用,应用,0,0,0,0,0
614,hunspell-eu,应用,应用,0,0,0,0,0
615,hunspell-fa,应用,应用,0,0,0,0,0
616,hunspell-fj,应用,应用,0,0,0,0,0
617,hunspell-fo,应用,应用,0,0,0,0,0
618,hunspell-fr,应用,应用,0,0,0,0,0
619,hunspell-fur,应用,应用,0,0,0,0,0
620,hunspell-fy,应用,应用,0,0,0,0,0
621,hunspell-ga,应用,应用,0,0,0,0,0
622,hunspell-gd,应用,应用,0,0,0,0,0
623,hunspell-gl,应用,应用,0,0,0,0,0
624,hunspell-grc,应用,应用,0,0,0,0,0
625,hunspell-gu,应用,应用,0,0,0,0,0
626,hunspell-gv,应用,应用,0,0,0,0,0
627,hunspell-haw,应用,应用,0,0,0,0,0
628,hunspell-hi,应用,应用,0,0,0,0,0
629,hunspell-hil,应用,应用,0,0,0,0,0
630,hunspell-hr,应用,应用,0,0,0,0,0
631,hunspell-hsb,应用,应用,0,0,0,0,0
632,hunspell-ht,应用,应用,0,0,0,0,0
633,hunspell-hu,应用,应用,0,0,0,0,0
634,hunspell-hy,应用,应用,0,0,0,0,0
635,hunspell-ia,应用,应用,0,0,0,0,0
636,hunspell-id,应用,应用,0,0,0,0,0
637,hunspell-is,应用,应用,0,0,0,0,0
638,hunspell-it,应用,应用,0,0,0,0,0
639,hunspell-kk,应用,应用,0,0,0,0,0
640,hunspell-km,应用,应用,0,0,0,0,0
641,hunspell-kn,应用,应用,0,0,0,0,0
642,hunspell-ko,应用,应用,0,0,0,0,0
643,hunspell-ku,应用,应用,0,0,0,0,0
644,hunspell-ky,应用,应用,0,0,0,0,0
645,hunspell-la,应用,应用,0,0,0,0,0
646,hunspell-lb,应用,应用,0,0,0,0,0
647,hunspell-ln,应用,应用,0,0,0,0,0
648,hunspell-lt,应用,应用,0,0,0,0,0
649,hunspell-mai,应用,应用,0,0,0,0,0
650,hunspell-mg,应用,应用,0,0,0,0,0
651,hunspell-mi,应用,应用,0,0,0,0,0
652,hunspell-mk,应用,应用,0,0,0,0,0
653,hunspell-ml,应用,应用,0,0,0,0,0
654,hunspell-mn,应用,应用,0,0,0,0,0
655,hunspell-mos,应用,应用,0,0,0,0,0
656,hunspell-mr,应用,应用,0,0,0,0,0
657,hunspell-ms,应用,应用,0,0,0,0,0
658,hunspell-mt,应用,应用,0,0,0,0,0
659,hunspell-nds,应用,应用,0,0,0,0,0
660,hunspell-ne,应用,应用,0,0,0,0,0
661,hunspell-nl,应用,应用,0,0,0,0,0
662,hunspell-no,应用,应用,0,0,0,0,0
663,hunspell-nr,应用,应用,0,0,0,0,0
664,hunspell-nso,应用,应用,0,0,0,0,0
665,hunspell-ny,应用,应用,0,0,0,0,0
666,hunspell-oc,应用,应用,0,0,0,0,0
667,hunspell-om,应用,应用,0,0,0,0,0
668,hunspell-or,应用,应用,0,0,0,0,0
669,hunspell-pa,应用,应用,0,0,0,0,0
670,hunspell-pl,应用,应用,0,0,0,0,0
671,hunspell-pt,应用,应用,0,0,0,0,0
672,hunspell-qu,应用,应用,0,0,0,0,0
673,hunspell-quh,应用,应用,0,0,0,0,0
674,hunspell-ro,应用,应用,0,0,0,0,0
675,hunspell-ru,应用,应用,0,0,0,0,0
676,hunspell-rw,应用,应用,0,0,0,0,0
677,hunspell-sc,应用,应用,0,0,0,0,0
678,hunspell-se,应用,应用,0,0,0,0,0
679,hunspell-shs,应用,应用,0,0,0,0,0
680,hunspell-si,应用,应用,0,0,0,0,0
681,hunspell-sk,应用,应用,0,0,0,0,0
682,hunspell-sl,应用,应用,0,0,0,0,0
683,hunspell-smj,应用,应用,0,0,0,0,0
684,hunspell-so,应用,应用,0,0,0,0,0
685,hunspell-sq,应用,应用,0,0,0,0,0
686,hunspell-sr,应用,应用,0,0,0,0,0
687,hunspell-ss,应用,应用,0,0,0,0,0
688,hunspell-st,应用,应用,0,0,0,0,0
689,hunspell-sv,应用,应用,0,0,0,0,0
690,hunspell-sw,应用,应用,0,0,0,0,0
691,hunspell-ta,应用,应用,0,0,0,0,0
692,hunspell-te,应用,应用,0,0,0,0,0
693,hunspell-tet,应用,应用,0,0,0,0,0
694,hunspell-th,应用,应用,0,0,0,0,0
695,hunspell-ti,应用,应用,0,0,0,0,0
696,hunspell-tk,应用,应用,0,0,0,0,0
697,hunspell-tl,应用,应用,0,0,0,0,0
698,hunspell-tn,应用,应用,0,0,0,0,0
699,hunspell-tpi,应用,应用,0,0,0,0,0
700,hunspell-ts,应用,应用,0,0,0,0,0
701,hunspell-uk,应用,应用,0,0,0,0,0
702,hunspell-ur,应用,应用,0,0,0,0,0
703,hunspell-uz,应用,应用,0,0,0,0,0
704,hunspell-ve,应用,应用,0,0,0,0,0
705,hunspell-vi,应用,应用,0,0,0,0,0
706,hunspell-wa,应用,应用,0,0,0,0,0
707,hunspell-xh,应用,应用,0,0,0,0,0
708,hunspell-yi,应用,应用,0,0,0,0,0
709,hunspell-zu,应用,应用,0,0,0,0,0
710,hwdata,核心,核心,0,5,0,0,0
711,hwinfo,应用,其它,0,0,1,0,0
712,hwloc,应用,系统,2,0,-1,1,0
713,hyphen,应用,应用,1,0,0,0,0
714,hyphen-as,应用,应用,0,0,0,0,0
715,hyphen-bg,应用,应用,0,0,0,0,0
716,hyphen-bn,应用,应用,0,0,0,0,0
717,hyphen-ca,应用,应用,0,0,0,0,0
718,hyphen-cy,应用,应用,0,0,0,0,0
719,hyphen-da,应用,应用,0,0,0,0,0
720,hyphen-de,应用,应用,0,0,0,0,0
721,hyphen-el,应用,应用,0,0,0,0,0
722,hyphen-es,应用,应用,0,0,0,0,0
723,hyphen-eu,应用,应用,0,0,0,0,0
724,hyphen-fa,应用,应用,0,0,0,0,0
725,hyphen-fo,应用,应用,0,0,0,0,0
726,hyphen-fr,应用,应用,0,0,0,0,0
727,hyphen-ga,应用,应用,0,0,0,0,0
728,hyphen-gl,应用,应用,0,0,0,0,0
729,hyphen-grc,应用,应用,0,0,0,0,0
730,hyphen-gu,应用,应用,0,0,0,0,0
731,hyphen-hi,应用,应用,0,0,0,0,0
732,hyphen-hsb,应用,应用,0,0,0,0,0
733,hyphen-hu,应用,应用,0,0,0,0,0
734,hyphen-ia,应用,应用,0,0,0,0,0
735,hyphen-id,应用,应用,0,0,0,0,0
736,hyphen-is,应用,应用,0,0,0,0,0
737,hyphen-it,应用,应用,0,0,0,0,0
738,hyphen-kn,应用,应用,0,0,0,0,0
739,hyphen-ku,应用,应用,0,0,0,0,0
740,hyphen-lt,应用,应用,0,0,0,0,0
741,hyphen-mi,应用,应用,0,0,0,0,0
742,hyphen-ml,应用,应用,0,0,0,0,0
743,hyphen-mn,应用,应用,0,0,0,0,0
744,hyphen-mr,应用,应用,0,0,0,0,0
745,hyphen-nl,应用,应用,0,0,0,0,0
746,hyphen-or,应用,应用,0,0,0,0,0
747,hyphen-pa,应用,应用,0,0,0,0,0
748,hyphen-pl,应用,应用,0,0,0,0,0
749,hyphen-pt,应用,应用,0,0,0,0,0
750,hyphen-ro,应用,应用,0,0,0,0,0
751,hyphen-ru,应用,应用,0,0,0,0,0
752,hyphen-sa,应用,应用,0,0,0,0,0
753,hyphen-sk,应用,应用,0,0,0,0,0
754,hyphen-sl,应用,应用,0,0,0,0,0
755,hyphen-sv,应用,应用,0,0,0,0,0
756,hyphen-ta,应用,应用,0,0,0,0,0
757,hyphen-te,应用,应用,0,0,0,0,0
758,hyphen-tk,应用,应用,0,0,0,0,0
759,hyphen-uk,应用,应用,0,0,0,0,0
760,i2c-tools,应用,核心,0,0,-1,0,0
761,ibus,其它,系统,8,0,-1,0,0
762,ibus-hangul,其它,其它,0,0,0,0,0
763,ibus-kkc,其它,其它,0,0,0,0,0
764,ibus-libpinyin,其它,其它,0,0,0,0,0
765,ibus-libzhuyin,其它,其它,0,0,0,0,0
766,ibus-m17n,其它,其它,0,0,0,0,0
767,ibus-sayura,其它,其它,0,0,0,0,0
768,ibus-table,其它,其它,0,0,0,0,0
769,ibus-table-chinese,其它,其它,0,0,0,0,0
770,ibus-typing-booster,其它,其它,0,0,0,0,0
771,icedtea-web,应用,其它,0,0,1,0,0
772,icoutils,应用,核心,0,0,-1,0,0
773,icu,系统,应用,0,0,1,0,0
774,iio-sensor-proxy,应用,其它,0,0,1,0,0
775,ilmbase,应用,应用,1,0,0,0,0
776,ima-evm-utils,系统,系统,0,0,0,0,0
777,imlib2,应用,其它,0,0,1,0,0
778,imsettings,应用,其它,0,0,1,0,0
779,iniparser,应用,其它,0,0,1,0,0
780,initial-setup,应用,其它,0,0,1,0,0
781,initscripts,系统,系统,0,0,0,5,1
782,intel-cmt-cat,应用,系统,0,0,-1,0,0
783,intltool,系统,核心,0,0,-1,3,0
784,iotop,应用,系统,0,0,-1,0,0
785,ipcalc,应用,系统,1,0,-1,0,2
786,ipmitool,应用,核心,0,0,-1,0,0
787,iproute,应用,核心,5,0,-1,0,3
788,iprutils,应用,应用,3,0,0,0,0
789,ipset,应用,核心,2,0,-1,1,1
790,iptables,系统,系统,0,0,0,3,0
791,iptraf-ng,应用,系统,0,0,-1,0,0
792,iptstate,应用,系统,1,0,-1,0,0
793,iputils,系统,核心,0,0,-1,1,0
794,irqbalance,系统,应用,0,0,1,0,0
795,irssi,应用,核心,0,0,-1,0,0
796,iscsi-initiator-utils,应用,系统,0,0,-1,0,0
797,isl,应用,应用,2,0,0,0,1
798,isns-utils,应用,其它,0,0,1,0,0
799,iso-codes,应用,其它,0,0,1,0,0
800,isomd5sum,应用,核心,1,0,-1,0,1
801,istack-commons,应用,其它,0,0,1,0,0
802,itstool,应用,应用,0,0,0,0,0
803,iw,应用,核心,1,0,-1,0,0
804,jabberpy,应用,系统,0,0,-1,0,0
805,jack-audio-connection-kit,应用,应用,0,0,0,0,0
806,jansson,应用,核心,1,0,-1,0,2
807,jasper,应用,应用,1,0,0,0,0
808,java-1.8.0-alibaba-dragonwell,应用,应用,0,0,0,0,0
809,java-1.8.0-openjdk,应用,应用,0,0,0,0,0
810,java-11-alibaba-dragonwell,应用,应用,0,0,0,0,0
811,java-11-openjdk,应用,应用,0,0,0,0,0
812,java-17-openjdk,应用,应用,0,0,0,0,0
813,java-atk-wrapper,应用,应用,0,0,0,0,0
814,javapackages-tools,应用,应用,0,0,0,0,0
815,jbig2dec,系统,应用,0,0,1,0,0
816,jbigkit,应用,应用,1,0,0,0,0
817,jboss-annotations-1.2-api,应用,核心,0,0,-1,0,0
818,jboss-jaxrs-2.0-api,应用,应用,0,0,0,0,0
819,jboss-logging,应用,应用,0,0,0,0,0
820,jboss-logging-tools,应用,应用,0,0,0,0,0
821,jdeparser,应用,应用,0,0,0,0,0
822,jemalloc,应用,应用,0,0,0,0,0
823,jigawatts,应用,核心,0,0,-1,0,0
824,jimtcl,应用,应用,1,0,0,0,0
825,jna,应用,系统,0,0,-1,0,0
826,jolokia-jvm-agent,应用,应用,0,0,0,0,0
827,jose,系统,系统,0,0,0,0,0
828,jq,系统,系统,0,0,0,1,0
829,json-c,应用,应用,0,0,0,0,0
830,json-glib,应用,应用,0,0,0,0,0
831,jvnet-parent,应用,应用,0,0,0,0,0
832,jxrlib,应用,应用,0,0,0,0,0
833,kabi-dw,应用,系统,0,0,-1,0,0
834,kata-containers,其它,其它,0,0,0,0,0
835,kbd,系统,核心,0,0,-1,0,0
836,kde-filesystem,其它,其它,0,0,0,0,0
837,kde-settings,其它,系统,0,0,-1,0,0
838,kdecoration,其它,其它,0,0,0,0,0
839,kdump-anaconda-addon,应用,其它,0,0,1,0,0
840,keepalived,应用,应用,0,0,0,0,0
841,kernel,核心,核心,0,3,0,12,0
842,kexec-tools,核心,核心,0,0,0,0,0
843,keybinder3,应用,系统,1,0,-1,0,1
844,keycloak-httpd-client-install,应用,应用,0,0,0,0,0
845,keyutils,系统,核心,0,0,-1,0,0
846,kf5,其它,其它,0,0,0,0,0
847,kf5-attica,其它,其它,0,0,0,0,0
848,kf5-frameworkintegration,其它,其它,0,0,0,0,0
849,kf5-kactivities,其它,其它,0,0,0,0,0
850,kf5-karchive,其它,其它,0,0,0,0,0
851,kf5-kauth,其它,其它,0,0,0,0,0
852,kf5-kbookmarks,其它,其它,0,0,0,0,0
853,kf5-kcmutils,其它,其它,0,0,0,0,0
854,kf5-kcodecs,其它,其它,0,0,0,0,0
855,kf5-kcompletion,其它,其它,0,0,0,0,0
856,kf5-kconfig,其它,其它,0,0,0,0,0
857,kf5-kconfigwidgets,其它,其它,0,0,0,0,0
858,kf5-kcoreaddons,其它,其它,0,0,0,0,0
859,kf5-kcrash,其它,其它,0,0,0,0,0
860,kf5-kdbusaddons,其它,其它,0,0,0,0,0
861,kf5-kdeclarative,其它,其它,0,0,0,0,0
862,kf5-kded,其它,其它,0,0,0,0,0
863,kf5-kdelibs4support,其它,其它,0,0,0,0,0
864,kf5-kdesignerplugin,其它,其它,0,0,0,0,0
865,kf5-kdesu,其它,其它,0,0,0,0,0
866,kf5-kdoctools,其它,其它,0,0,0,0,0
867,kf5-kemoticons,其它,其它,0,0,0,0,0
868,kf5-kglobalaccel,其它,其它,0,0,0,0,0
869,kf5-kguiaddons,其它,其它,0,0,0,0,0
870,kf5-ki18n,其它,其它,0,0,0,0,0
871,kf5-kiconthemes,其它,其它,0,0,0,0,0
872,kf5-kidletime,其它,其它,0,0,0,0,0
873,kf5-kinit,其它,其它,0,0,0,0,0
874,kf5-kio,其它,其它,0,0,0,0,0
875,kf5-kirigami2,其它,应用,0,0,-1,0,0
876,kf5-kitemmodels,其它,其它,0,0,0,0,0
877,kf5-kitemviews,其它,其它,0,0,0,0,0
878,kf5-kjobwidgets,其它,其它,0,0,0,0,0
879,kf5-knewstuff,其它,其它,0,0,0,0,0
880,kf5-knotifications,其它,其它,0,0,0,0,0
881,kf5-kpackage,其它,其它,0,0,0,0,0
882,kf5-kparts,其它,其它,0,0,0,0,0
883,kf5-kplotting,其它,其它,0,0,0,0,0
884,kf5-kpty,其它,其它,0,0,0,0,0
885,kf5-kservice,其它,其它,0,0,0,0,0
886,kf5-ktextwidgets,其它,其它,0,0,0,0,0
887,kf5-kunitconversion,其它,其它,0,0,0,0,0
888,kf5-kwallet,其它,其它,0,0,0,0,0
889,kf5-kwayland,其它,应用,0,0,-1,0,0
890,kf5-kwidgetsaddons,其它,其它,0,0,0,0,0
891,kf5-kwindowsystem,其它,其它,0,0,0,0,0
892,kf5-kxmlgui,其它,其它,0,0,0,0,0
893,kf5-networkmanager-qt,其它,其它,0,0,0,0,0
894,kf5-plasma,其它,其它,0,0,0,0,0
895,kf5-solid,其它,其它,0,0,0,0,0
896,kf5-sonnet,其它,其它,0,0,0,0,0
897,kf5-syntax-highlighting,其它,其它,0,0,0,0,0
898,kmod,核心,核心,0,5,0,1,0
899,kmod-kvdo,系统,应用,0,0,1,0,0
900,kpatch,系统,核心,0,0,-1,1,0
901,krb5,系统,系统,0,0,0,2,1
902,kronosnet,系统,应用,0,0,1,0,0
903,ksc,应用,核心,2,0,-1,0,0
904,kscreenlocker,应用,其它,0,0,1,0,0
905,kwin,其它,其它,0,0,0,0,0
906,kyotocabinet,应用,应用,0,0,0,0,0
907,lame,应用,应用,0,0,0,0,0
908,langtable,系统,系统,0,0,0,2,0
909,lapack,应用,系统,0,0,-1,0,0
910,lasso,应用,应用,0,0,0,0,0
911,latex2html,应用,应用,0,0,0,0,0
912,lcms2,应用,应用,1,0,0,0,0
913,ldns,应用,系统,2,0,-1,0,0
914,ledmon,应用,核心,1,0,-1,1,0
915,leptonica,应用,应用,0,0,0,0,0
916,less,系统,应用,0,0,1,0,0
917,lftp,应用,核心,0,0,-1,0,0
918,libEMF,应用,应用,0,0,0,0,0
919,libICE,应用,核心,1,0,-1,0,2
920,libSM,应用,系统,1,0,-1,0,2
921,libX11,系统,核心,0,9,-1,0,0
922,libXNVCtrl,应用,应用,0,0,0,0,0
923,libXScrnSaver,应用,应用,0,0,0,0,0
924,libXau,应用,其它,1,0,1,0,1
925,libXaw,应用,核心,1,0,-1,0,0
926,libXcomposite,应用,应用,1,0,0,0,3
927,libXcursor,应用,应用,1,0,0,0,2
928,libXdamage,应用,应用,1,0,0,0,3
929,libXdmcp,应用,其它,1,0,1,0,0
930,libXext,应用,应用,1,0,0,0,6
931,libXfixes,应用,应用,1,0,0,0,3
932,libXfont2,应用,其它,2,0,1,0,0
933,libXft,应用,其它,1,0,1,0,0
934,libXi,应用,核心,1,0,-1,0,3
935,libXinerama,应用,应用,1,0,0,0,2
936,libXmu,应用,核心,1,0,-1,0,0
937,libXp,应用,应用,1,0,0,0,0
938,libXpm,应用,核心,1,0,-1,0,0
939,libXrandr,应用,应用,1,0,0,0,3
940,libXrender,应用,系统,1,0,-1,0,3
941,libXres,应用,应用,1,0,0,0,0
942,libXt,应用,核心,1,0,-1,0,1
943,libXtst,应用,其它,1,0,1,0,1
944,libXv,应用,应用,1,0,0,0,0
945,libXvMC,应用,应用,1,0,0,0,0
946,libXxf86dga,应用,应用,1,0,0,0,0
947,libXxf86misc,应用,应用,1,0,0,0,0
948,libXxf86vm,应用,应用,1,0,0,0,0
949,libabw,应用,应用,0,0,0,0,0
950,libaio,系统,核心,0,1,-1,0,0
951,libao,应用,应用,0,0,0,0,0
952,libappindicator,应用,系统,0,0,-1,0,0
953,libappstream-glib,系统,其它,0,0,1,0,0
954,libarchive,系统,系统,0,1,0,1,1
955,libass,应用,应用,0,0,0,0,0
956,libassuan,系统,应用,0,0,1,0,0
957,libasyncns,应用,应用,1,0,0,0,1
958,libatasmart,应用,核心,1,0,-1,1,0
959,libatomic_ops,应用,应用,1,0,0,0,0
960,libavc1394,系统,应用,0,0,1,0,0
961,libbase,应用,其它,0,0,1,0,1
962,libblockdev,系统,系统,0,0,0,9,0
963,libbpf,系统,核心,0,0,-1,0,1
964,libburn,系统,系统,0,0,0,0,0
965,libbytesize,系统,系统,0,0,0,2,0
966,libcacard,系统,应用,0,0,1,0,0
967,libcanberra,应用,核心,2,0,-1,1,0
968,libcap,核心,核心,0,9,0,1,0
969,libcap-ng,核心,核心,0,0,0,0,0
970,libcdio,系统,应用,0,0,1,0,0
971,libcdio-paranoia,系统,系统,0,0,0,0,0
972,libcdr,应用,应用,0,0,0,0,0
973,libcgroup,系统,核心,0,0,-1,1,0
974,libchardet,应用,应用,0,0,0,0,0
975,libcmis,应用,应用,0,0,0,0,0
976,libcomps,应用,核心,2,0,-1,0,1
977,libconfig,应用,应用,1,0,0,0,0
978,libcroco,应用,应用,1,0,0,0,1
979,libdaemon,系统,核心,0,0,-1,0,0
980,libdatrie,应用,应用,1,0,0,0,0
981,libdazzle,应用,应用,1,0,0,0,0
982,libdb,系统,系统,0,0,0,0,1
983,libdbusmenu,应用,系统,0,0,-1,0,0
984,libdc1394,系统,应用,0,0,1,0,0
985,libdmapsharing,应用,应用,2,0,0,0,0
986,libdmx,系统,应用,0,0,1,1,0
987,libdnf,系统,系统,0,0,0,3,0
988,libdrm,应用,核心,1,0,-1,0,2
989,libdv,应用,应用,0,0,0,0,0
990,libdvdnav,应用,应用,0,0,0,0,0
991,libdvdread,应用,应用,1,0,0,0,0
992,libdwarf,系统,系统,0,0,0,0,0
993,libeasyfc,应用,应用,0,0,0,0,0
994,libecpg,应用,系统,0,0,-1,1,0
995,libedit,应用,核心,1,0,-1,0,1
996,libepoxy,应用,应用,1,0,0,0,1
997,libepubgen,应用,应用,0,0,0,0,0
998,liberation-fonts,其它,其它,0,0,0,0,0
999,liberation-narrow-fonts,其它,其它,0,0,0,0,0
1000,libestr,应用,核心,1,0,-1,0,1
1001,libetonyek,应用,应用,0,0,0,0,0
1002,libev,应用,应用,1,0,0,0,0
1003,libevdev,应用,应用,1,0,0,0,2
1004,libevent,应用,系统,2,0,-1,0,1
1005,libexif,应用,核心,1,0,-1,0,0
1006,libexttextcat,应用,应用,0,0,0,0,0
1007,libfabric,应用,核心,1,0,-1,0,0
1008,libfastjson,应用,核心,1,0,-1,0,1
1009,libffado,应用,应用,0,0,0,0,0
1010,libffi,系统,系统,0,0,0,0,0
1011,libfontenc,系统,应用,0,0,1,0,0
1012,libfonts,系统,其它,0,0,1,1,0
1013,libformula,应用,应用,0,0,0,0,0
1014,libfprint,应用,系统,0,0,-1,0,0
1015,libfreehand,应用,应用,0,0,0,0,0
1016,libgcrypt,核心,核心,0,11,0,0,0
1017,libgdata,应用,系统,1,0,-1,0,1
1018,libgdither,应用,应用,1,0,0,0,0
1019,libgee,应用,其它,0,0,1,0,0
1020,libgexiv2,应用,系统,1,0,-1,0,0
1021,libgit2,应用,系统,0,0,-1,0,0
1022,libgit2-glib,应用,应用,0,0,0,0,0
1023,libglvnd,应用,核心,1,0,-1,0,2
1024,libgnomekbd,应用,系统,2,0,-1,0,1
1025,libgovirt,应用,应用,0,0,0,0,0
1026,libgpg-error,核心,核心,0,0,0,0,0
1027,libgphoto2,应用,核心,2,0,-1,0,1
1028,libgpod,应用,应用,0,0,0,0,0
1029,libgsf,应用,核心,3,0,-1,0,0
1030,libgtop2,应用,应用,1,0,0,0,0
1031,libgudev,系统,系统,0,0,0,1,0
1032,libguestfs,系统,系统,0,0,0,0,0
1033,libgusb,系统,核心,0,0,-1,0,0
1034,libgweather,应用,其它,1,0,1,0,0
1035,libgxim,应用,其它,0,0,1,0,0
1036,libgxps,应用,系统,1,0,-1,0,0
1037,libhangul,应用,应用,0,0,0,0,0
1038,libhbaapi,应用,应用,1,0,0,0,0
1039,libhbalinux,应用,应用,3,0,0,1,0
1040,libhugetlbfs,应用,应用,2,0,0,0,0
1041,libical,应用,系统,2,0,-1,0,1
1042,libid3tag,应用,应用,0,0,0,0,0
1043,libidn,系统,系统,0,0,0,1,0
1044,libidn2,核心,核心,0,1,0,1,0
1045,libiec61883,系统,应用,0,0,1,0,0
1046,libieee1284,系统,应用,0,0,1,0,0
1047,libijs,应用,应用,1,0,0,0,0
1048,libimobiledevice,应用,应用,3,0,0,0,1
1049,libindicator,应用,应用,0,0,0,0,0
1050,libinput,系统,核心,0,1,-1,4,0
1051,libipt,系统,核心,0,0,-1,0,0
1052,libiptcdata,应用,应用,1,0,0,0,0
1053,libisoburn,系统,系统,0,0,0,1,0
1054,libisofs,应用,系统,0,0,-1,0,1
1055,libjpeg-turbo,系统,应用,0,0,1,0,0
1056,libkcapi,系统,核心,0,0,-1,1,0
1057,libkeepalive,应用,应用,1,0,0,0,0
1058,libkkc,应用,应用,0,0,0,0,0
1059,libkkc-data,应用,其它,0,0,1,0,0
1060,libksba,系统,应用,0,0,1,0,0
1061,liblangtag,应用,应用,0,0,0,0,0
1062,liblayout,应用,应用,0,0,0,0,0
1063,libldb,应用,系统,1,0,-1,0,1
1064,libloader,应用,其它,0,0,1,0,1
1065,liblockfile,应用,应用,1,0,0,0,0
1066,liblognorm,应用,系统,0,0,-1,0,1
1067,liblouis,应用,系统,0,0,-1,0,0
1068,libmad,应用,应用,0,0,0,0,0
1069,libmatchbox,应用,系统,0,0,-1,0,0
1070,libmaxminddb,应用,应用,1,0,0,0,1
1071,libmbim,应用,系统,2,0,-1,0,0
1072,libmediaart,应用,应用,1,0,0,0,0
1073,libmediainfo,应用,系统,0,0,-1,0,0
1074,libmemcached,应用,应用,0,0,0,0,0
1075,libmetalink,应用,应用,1,0,0,0,0
1076,libmfx,应用,应用,0,0,0,0,0
1077,libmicrohttpd,应用,核心,3,0,-1,0,1
1078,libmng,应用,应用,0,0,0,0,0
1079,libmnl,应用,核心,1,0,-1,0,8
1080,libmodman,应用,应用,1,0,0,0,0
1081,libmodplug,应用,应用,0,0,0,0,0
1082,libmodulemd,应用,系统,1,0,-1,0,2
1083,libmpc,应用,应用,2,0,0,0,1
1084,libmspack,应用,应用,1,0,0,0,0
1085,libmspub,应用,应用,0,0,0,0,0
1086,libmtp,应用,其它,0,0,1,0,1
1087,libmusicbrainz5,应用,应用,0,0,0,0,0
1088,libmwaw,应用,应用,0,0,0,0,0
1089,libndp,应用,核心,1,0,-1,0,1
1090,libnet,系统,系统,0,0,0,0,0
1091,libnetfilter_conntrack,系统,系统,0,0,0,2,0
1092,libnetfilter_cthelper,系统,应用,0,0,1,1,0
1093,libnetfilter_cttimeout,系统,应用,0,0,1,1,0
1094,libnetfilter_queue,系统,应用,0,0,1,2,0
1095,libnfnetlink,应用,系统,1,0,-1,0,3
1096,libnftnl,系统,系统,0,0,0,1,0
1097,libnice,系统,系统,0,0,0,1,0
1098,libnl3,系统,核心,0,1,-1,1,0
1099,libnma,应用,系统,1,0,-1,0,0
1100,libnotify,应用,其它,1,0,1,0,1
1101,libnsl2,系统,系统,0,0,0,0,1
1102,libnumbertext,应用,应用,0,0,0,0,0
1103,liboauth,系统,应用,0,0,1,0,0
1104,libodfgen,应用,应用,0,0,0,0,0
1105,libogg,应用,应用,1,0,0,0,0
1106,libopenraw,应用,应用,0,0,0,0,0
1107,liborcus,应用,核心,0,0,-1,0,0
1108,libosinfo,应用,系统,2,0,-1,0,0
1109,libotf,应用,核心,1,0,-1,0,0
1110,libpagemaker,应用,应用,0,0,0,0,0
1111,libpaper,应用,核心,2,0,-1,0,0
1112,libpcap,系统,系统,0,0,0,0,0
1113,libpciaccess,应用,应用,2,0,0,0,0
1114,libpeas,应用,系统,1,0,-1,0,1
1115,libpfm,应用,核心,0,0,-1,0,0
1116,libpinyin,应用,应用,0,0,0,0,0
1117,libpipeline,应用,应用,1,0,0,0,0
1118,libplist,应用,应用,1,0,0,0,1
1119,libpng,系统,系统,0,0,0,0,0
1120,libpng12,系统,应用,0,0,1,0,0
1121,libpq,其它,核心,0,0,-1,0,5
1122,libproxy,应用,应用,1,0,0,0,0
1123,libpsl,系统,核心,0,0,-1,1,0
1124,libpsm2,应用,核心,2,0,-1,1,0
1125,libpst,应用,其它,0,0,1,0,0
1126,libpwquality,系统,核心,0,0,-1,1,2
1127,libqb,应用,应用,1,0,0,0,0
1128,libqmi,应用,系统,2,0,-1,0,0
1129,libqrtr-glib,系统,其它,0,0,1,0,0
1130,libqtxdg,系统,应用,0,0,1,0,0
1131,libquvi,应用,核心,2,0,-1,0,0
1132,libquvi-scripts,应用,应用,0,0,0,0,0
1133,libqxp,应用,应用,0,0,0,0,0
1134,librabbitmq,应用,应用,2,0,0,0,0
1135,libraw1394,系统,应用,0,0,1,0,0
1136,librdkafka,应用,核心,0,0,-1,0,1
1137,librelp,应用,核心,0,0,-1,0,1
1138,libreoffice,应用,应用,0,0,0,0,0
1139,libreoffice-voikko,应用,应用,0,0,0,0,0
1140,librepo,系统,系统,0,0,0,2,0
1141,libreport,应用,核心,3,0,-1,2,3
1142,librepository,系统,其它,0,0,1,1,0
1143,libreswan,应用,核心,7,0,-1,1,0
1144,librevenge,应用,应用,0,0,0,0,0
1145,librhsm,应用,系统,2,0,-1,0,0
1146,librsvg2,应用,系统,2,0,-1,0,1
1147,libsamplerate,应用,应用,0,0,0,0,0
1148,libseccomp,核心,核心,0,4,0,0,0
1149,libsecret,应用,其它,2,0,1,0,1
1150,libselinux,核心,核心,0,27,0,3,0
1151,libsemanage,系统,系统,0,0,0,1,0
1152,libsepol,系统,系统,0,0,0,0,1
1153,libserializer,应用,其它,0,0,1,0,0
1154,libshout,应用,应用,0,0,0,0,0
1155,libsigc++20,应用,应用,0,0,0,0,0
1156,libsigsegv,系统,应用,0,0,1,0,1
1157,libsmbios,系统,应用,0,0,1,0,0
1158,libsmi,应用,系统,0,0,-1,0,0
1159,libsndfile,应用,应用,1,0,0,0,1
1160,libsolv,系统,系统,0,0,0,2,0
1161,libsoup,应用,系统,1,0,-1,0,2
1162,libspectre,应用,应用,0,0,0,0,0
1163,libspiro,应用,应用,0,0,0,0,0
1164,libsrtp,应用,应用,0,0,0,0,0
1165,libssh,系统,系统,0,1,0,0,0
1166,libstaroffice,应用,应用,0,0,0,0,0
1167,libstemmer,应用,应用,1,0,0,0,0
1168,libstoragemgmt,应用,系统,3,0,-1,1,0
1169,libsvm,应用,应用,0,0,0,0,0
1170,libtalloc,应用,应用,1,0,0,0,1
1171,libtar,应用,应用,2,0,0,0,0
1172,libtasn1,应用,应用,1,0,0,0,1
1173,libtdb,应用,核心,1,0,-1,0,2
1174,libteam,应用,系统,2,0,-1,1,2
1175,libtevent,应用,系统,1,0,-1,0,1
1176,libthai,应用,应用,1,0,0,0,0
1177,libtheora,应用,应用,1,0,0,0,1
1178,libtiff,应用,系统,2,0,-1,0,1
1179,libtimezonemap,应用,系统,1,0,-1,0,1
1180,libtirpc,系统,系统,0,3,0,0,1
1181,libtool,系统,系统,0,1,0,3,0
1182,libucil,应用,应用,0,0,0,0,0
1183,libunicap,应用,应用,0,0,0,0,0
1184,libuninameslist,应用,其它,0,0,1,0,0
1185,libunistring,应用,应用,2,0,0,0,5
1186,liburing,系统,应用,0,0,1,0,0
1187,libusb,系统,核心,0,0,-1,0,0
1188,libusbmuxd,应用,应用,1,0,0,0,0
1189,libusbx,系统,核心,0,0,-1,1,0
1190,libuser,应用,核心,5,0,-1,0,0
1191,libutempter,系统,应用,0,0,1,0,0
1192,libuv,应用,核心,1,0,-1,0,0
1193,libva,应用,应用,0,0,0,0,0
1194,libvarlink,应用,应用,1,0,0,0,0
1195,libvdpau,应用,应用,0,0,0,0,0
1196,libverto,系统,核心,0,0,-1,1,0
1197,libvirt,其它,系统,12,0,-1,0,2
1198,libvirt-dbus,其它,其它,0,0,0,0,0
1199,libvirt-glib,应用,其它,0,0,1,0,0
1200,libvirt-python,系统,应用,0,0,1,0,0
1201,libvisio,应用,应用,0,0,0,0,0
1202,libvisual,应用,应用,1,0,0,0,0
1203,libvncserver,应用,其它,0,0,1,0,0
1204,libvoikko,应用,系统,0,0,-1,0,0
1205,libvorbis,应用,应用,1,0,0,0,0
1206,libvpx,应用,应用,0,0,0,0,0
1207,libwacom,应用,系统,1,0,-1,0,1
1208,libwebp,应用,应用,1,0,0,0,0
1209,libwmf,应用,应用,0,0,0,0,0
1210,libwnck3,应用,系统,0,0,-1,0,0
1211,libwpd,应用,应用,0,0,0,0,0
1212,libwpg,应用,应用,0,0,0,0,0
1213,libwps,应用,应用,0,0,0,0,0
1214,libx86emu,应用,其它,0,0,1,0,0
1215,libxcb,系统,应用,0,2,1,1,0
1216,libxcrypt,核心,核心,0,14,0,0,0
1217,libxkbcommon,应用,应用,1,0,0,0,3
1218,libxkbfile,应用,应用,1,0,0,0,0
1219,libxklavier,应用,应用,1,0,0,0,1
1220,libxml++,应用,应用,0,0,0,0,0
1221,libxml2,应用,核心,3,0,-1,0,8
1222,libxmlb,应用,应用,1,0,0,0,1
1223,libxshmfence,应用,核心,1,0,-1,0,0
1224,libxslt,应用,应用,2,0,0,0,0
1225,libyami,应用,应用,0,0,0,0,0
1226,libyaml,应用,系统,1,0,-1,0,1
1227,libyang,应用,系统,0,0,-1,0,0
1228,libzen,应用,应用,0,0,0,0,0
1229,libzmf,应用,应用,0,0,0,0,0
1230,lightdm,其它,其它,0,0,0,0,0
1231,lightdm-gtk,系统,系统,0,0,0,0,0
1232,lightdm-gtk-greeter-settings,系统,其它,0,0,1,0,0
1233,linux-firmware,核心,核心,0,0,0,0,0
1234,linuxconsoletools,应用,应用,0,0,0,0,0
1235,linuxdoc-tools,应用,应用,0,0,0,0,0
1236,lksctp-tools,应用,应用,0,0,0,0,0
1237,lldpad,应用,核心,2,0,-1,1,0
1238,lldpd,应用,其它,0,0,1,0,0
1239,llvm,系统,系统,0,0,0,0,0
1240,lm_sensors,应用,核心,3,0,-1,1,0
1241,lmdb,应用,应用,1,0,0,0,0
1242,lockdev,系统,核心,0,0,-1,1,0
1243,log4j,应用,系统,0,0,-1,0,0
1244,logrotate,系统,系统,0,0,0,0,0
1245,logwatch,应用,核心,2,0,-1,0,0
1246,lorax,应用,系统,0,0,-1,0,0
1247,lorax-templates-anolis,核心,核心,0,0,0,0,0
1248,lpsolve,应用,应用,0,0,0,0,0
1249,lrzsz,应用,应用,1,0,0,0,0
1250,lshw,应用,系统,2,0,-1,0,0
1251,lsof,系统,系统,0,0,0,0,0
1252,lsscsi,应用,应用,1,0,0,0,0
1253,lttng-ust,应用,应用,0,0,0,0,0
1254,lua,应用,系统,1,0,-1,0,1
1255,lua-expat,应用,应用,0,0,0,0,0
1256,lua-filesystem,应用,应用,0,0,0,0,0
1257,lua-json,应用,应用,0,0,0,0,0
1258,lua-lpeg,应用,应用,0,0,0,0,0
1259,lua-posix,应用,应用,0,0,0,0,0
1260,lua-rpm-macros,系统,其它,0,0,1,0,0
1261,lua-socket,应用,应用,0,0,0,0,0
1262,luajit,应用,应用,0,0,0,0,0
1263,lucene++,应用,应用,0,0,0,0,0
1264,luksmeta,应用,系统,0,0,-1,0,0
1265,lvm2,系统,系统,0,0,0,6,1
1266,lz4,核心,核心,0,3,0,0,0
1267,lzo,应用,应用,1,0,0,0,0
1268,lzop,应用,应用,1,0,0,0,0
1269,m17n-db,应用,其它,0,0,1,0,0
1270,m17n-lib,应用,其它,0,0,1,0,0
1271,m4,系统,系统,0,0,0,0,0
1272,mailcap,应用,系统,0,0,-1,0,0
1273,mailx,应用,系统,3,0,-1,0,0
1274,make,应用,系统,3,0,-1,0,0
1275,malaga,应用,系统,0,0,-1,0,0
1276,malaga-suomi-voikko,应用,系统,0,0,-1,0,0
1277,mallard-rng,应用,应用,0,0,0,0,0
1278,man-db,应用,系统,0,0,-1,0,0
1279,mariadb,其它,核心,8,0,-1,0,0
1280,mariadb-connector-c,其它,其它,0,0,0,0,0
1281,mariadb-connector-odbc,其它,应用,0,0,-1,0,0
1282,mariadb-java-client,其它,其它,0,0,0,0,0
1283,marisa,应用,应用,0,0,0,0,0
1284,matchbox-window-manager,应用,其它,0,0,1,0,0
1285,maven-plugin-bundle,系统,应用,0,0,1,0,0
1286,mc,应用,核心,0,0,-1,0,0
1287,mcelog,应用,核心,2,0,-1,1,0
1288,mcpp,应用,应用,1,0,0,0,0
1289,mcstrans,应用,核心,4,0,-1,1,0
1290,mdadm,系统,系统,0,0,0,2,0
1291,meanwhile,应用,应用,0,0,0,0,0
1292,mecab,应用,其它,1,0,1,0,0
1293,media-player-info,应用,核心,0,0,-1,0,0
1294,memcached,应用,核心,0,0,-1,0,0
1295,memstrack,应用,应用,1,0,0,0,0
1296,memtest86+,应用,应用,0,0,0,0,0
1297,mesa,应用,核心,4,0,-1,0,1
1298,mesa-demos,应用,其它,0,0,1,0,0
1299,mesa-libGLU,应用,应用,0,0,0,0,0
1300,mesa-libGLw,应用,应用,0,0,0,0,0
1301,meson,应用,系统,0,0,-1,0,0
1302,metacity,应用,系统,0,0,-1,0,0
1303,microcode_ctl,核心,核心,0,0,0,3,0
1304,microdnf,系统,系统,0,0,0,1,0
1305,micropipenv,应用,系统,0,0,-1,0,0
1306,mimetic,应用,应用,0,0,0,0,0
1307,mingw-binutils,系统,应用,0,0,1,0,0
1308,mingw-bzip2,应用,应用,0,0,0,0,0
1309,mingw-cairo,应用,应用,0,0,0,0,0
1310,mingw-crt,应用,应用,0,0,0,0,0
1311,mingw-expat,应用,应用,0,0,0,0,0
1312,mingw-filesystem,应用,应用,0,0,0,0,0
1313,mingw-fontconfig,应用,应用,0,0,0,0,0
1314,mingw-freetype,应用,应用,0,0,0,0,0
1315,mingw-gcc,系统,应用,0,0,1,0,0
1316,mingw-gettext,系统,应用,0,0,1,0,0
1317,mingw-glib2,应用,应用,0,0,0,0,0
1318,mingw-gstreamer1,应用,应用,0,0,0,0,0
1319,mingw-harfbuzz,应用,应用,0,0,0,0,0
1320,mingw-headers,应用,应用,0,0,0,0,0
1321,mingw-icu,应用,其它,0,0,1,0,0
1322,mingw-libffi,应用,应用,0,0,0,0,0
1323,mingw-libjpeg-turbo,应用,应用,0,0,0,0,0
1324,mingw-libpng,系统,应用,0,0,1,0,0
1325,mingw-libtiff,应用,应用,0,0,0,0,0
1326,mingw-openssl,应用,系统,0,0,-1,0,0
1327,mingw-pcre,应用,应用,0,0,0,0,0
1328,mingw-pixman,应用,应用,0,0,0,0,0
1329,mingw-pkg-config,应用,应用,0,0,0,0,0
1330,mingw-readline,系统,应用,0,0,1,0,0
1331,mingw-sqlite,应用,应用,0,0,0,0,0
1332,mingw-termcap,应用,应用,0,0,0,0,0
1333,mingw-win-iconv,应用,应用,0,0,0,0,0
1334,mingw-winpthreads,应用,应用,0,0,0,0,0
1335,mingw-zlib,应用,应用,0,0,0,0,0
1336,minicom,应用,核心,2,0,-1,0,0
1337,minizip,应用,应用,0,0,0,0,0
1338,mksh,应用,应用,3,0,0,0,0
1339,mlocate,应用,核心,4,0,-1,1,0
1340,mobile-broadband-provider-info,应用,系统,0,0,-1,0,0
1341,mod_auth_gssapi,应用,系统,0,0,-1,0,0
1342,mod_auth_mellon,应用,系统,0,0,-1,0,0
1343,mod_authnz_pam,应用,系统,0,0,-1,0,0
1344,mod_fcgid,应用,系统,0,0,-1,0,0
1345,mod_intercept_form_submit,应用,系统,0,0,-1,0,0
1346,mod_lookup_identity,应用,其它,0,0,1,0,0
1347,mod_security,应用,核心,0,0,-1,0,0
1348,mod_security_crs,应用,核心,0,0,-1,0,0
1349,mod_wsgi,应用,系统,0,0,-1,0,0
1350,modulemd-tools,应用,其它,0,0,1,0,0
1351,mokutil,应用,应用,3,0,0,0,1
1352,motif,应用,核心,0,0,-1,0,0
1353,mousetweaks,其它,其它,5,0,0,0,0
1354,mozilla-filesystem,应用,其它,0,0,1,0,0
1355,mozjs52,系统,应用,0,0,1,0,0
1356,mozjs60,系统,核心,0,0,-1,0,0
1357,mozvoikko,应用,应用,0,0,0,0,0
1358,mpfr,系统,核心,0,0,-1,0,1
1359,mpg123,应用,应用,0,0,0,0,0
1360,mpich,应用,核心,0,0,-1,0,0
1361,mpitests,应用,核心,0,0,-1,0,0
1362,mpv,应用,系统,0,0,-1,0,0
1363,mrtg,应用,核心,0,0,-1,0,0
1364,mstflint,应用,核心,0,0,-1,0,0
1365,mt-st,应用,系统,0,0,-1,0,0
1366,mtdev,应用,核心,1,0,-1,0,1
1367,mtools,应用,应用,3,0,0,0,1
1368,mtr,应用,系统,1,0,-1,0,0
1369,mtx,应用,核心,0,0,-1,0,0
1370,multilib-rpm-config,应用,系统,0,0,-1,0,0
1371,munge,应用,应用,0,0,0,0,0
1372,mutt,应用,核心,0,0,-1,0,0
1373,mutter,其它,系统,6,0,-1,0,0
1374,mvapich2,应用,核心,0,0,-1,0,0
1375,mysql,其它,其它,11,0,0,0,0
1376,mythes,应用,应用,0,0,0,0,0
1377,mythes-bg,应用,应用,0,0,0,0,0
1378,mythes-ca,应用,应用,0,0,0,0,0
1379,mythes-cs,应用,应用,0,0,0,0,0
1380,mythes-da,应用,应用,0,0,0,0,0
1381,mythes-de,应用,应用,0,0,0,0,0
1382,mythes-el,应用,应用,0,0,0,0,0
1383,mythes-en,应用,应用,0,0,0,0,0
1384,mythes-es,应用,应用,0,0,0,0,0
1385,mythes-fr,应用,应用,0,0,0,0,0
1386,mythes-ga,应用,应用,0,0,0,0,0
1387,mythes-hu,应用,应用,0,0,0,0,0
1388,mythes-it,应用,应用,0,0,0,0,0
1389,mythes-mi,应用,应用,0,0,0,0,0
1390,mythes-ne,应用,应用,0,0,0,0,0
1391,mythes-nl,应用,应用,0,0,0,0,0
1392,mythes-pl,应用,应用,0,0,0,0,0
1393,mythes-pt,应用,应用,0,0,0,0,0
1394,mythes-ro,应用,应用,0,0,0,0,0
1395,mythes-ru,应用,应用,0,0,0,0,0
1396,mythes-sk,应用,应用,0,0,0,0,0
1397,mythes-sl,应用,应用,0,0,0,0,0
1398,mythes-sv,应用,应用,0,0,0,0,0
1399,mythes-uk,应用,应用,0,0,0,0,0
1400,nano,应用,系统,3,0,-1,0,0
1401,nasm,应用,应用,1,0,0,0,0
1402,nautilus,其它,系统,8,0,-1,0,3
1403,ncompress,应用,系统,0,0,-1,0,0
1404,ncurses,系统,系统,0,2,0,0,3
1405,ndctl,应用,核心,2,0,-1,1,1
1406,neon,应用,应用,0,0,0,0,0
1407,net-snmp,应用,应用,0,0,0,0,0
1408,net-tools,应用,其它,0,0,1,0,0
1409,netlabel_tools,应用,核心,3,0,-1,1,0
1410,netpbm,应用,核心,0,0,-1,0,0
1411,nettle,系统,核心,0,0,-1,0,1
1412,network-manager-applet,系统,核心,0,0,-1,0,0
1413,newt,应用,系统,1,0,-1,0,2
1414,nfs-utils,应用,应用,0,0,0,0,0
1415,nfs4-acl-tools,应用,应用,0,0,0,0,0
1416,nftables,系统,系统,0,0,0,3,0
1417,nghttp2,应用,核心,4,0,-1,1,1
1418,nginx,应用,核心,5,0,-1,1,0
1419,ninja-build,应用,其它,0,0,1,0,0
1420,nispor,应用,系统,2,0,-1,0,0
1421,nmap,应用,系统,3,0,-1,0,0
1422,nmstate,应用,系统,1,0,-1,0,0
1423,nodejs,应用,应用,4,0,0,0,0
1424,nodejs-nodemon,应用,系统,0,0,-1,0,0
1425,nodejs-packaging,应用,系统,0,0,-1,0,0
1426,npth,系统,应用,0,0,1,0,0
1427,nspr,系统,系统,0,2,0,0,0
1428,nss,系统,系统,0,2,0,1,0
1429,nss_nis,应用,系统,1,0,-1,0,0
1430,nss_wrapper,应用,核心,0,0,-1,0,0
1431,ntfs-3g,应用,应用,0,0,0,0,0
1432,numactl,系统,核心,0,2,-1,0,1
1433,numad,系统,核心,0,0,-1,1,0
1434,numatop,应用,应用,1,0,0,0,0
1435,numpy,应用,系统,0,0,-1,0,0
1436,nvme-cli,系统,应用,0,0,1,0,0
1437,nvmetcli,系统,核心,0,0,-1,2,0
1438,ocaml,应用,系统,0,0,-1,0,0
1439,ocaml-camlp4,应用,应用,0,0,0,0,0
1440,ocaml-extlib,应用,应用,0,0,0,0,0
1441,ocaml-findlib,应用,其它,0,0,1,0,0
1442,ocaml-labltk,应用,应用,0,0,0,0,0
1443,ocaml-ocamlbuild,应用,系统,0,0,-1,0,0
1444,ocaml-srpm-macros,系统,系统,0,0,0,0,0
1445,onboard,应用,其它,0,0,1,0,0
1446,ongres-scram,应用,应用,0,0,0,0,0
1447,oniguruma,应用,系统,0,0,-1,0,1
1448,opa-ff,应用,系统,0,0,-1,0,0
1449,opa-fm,应用,其它,0,0,1,0,0
1450,open-vm-tools,其它,其它,0,0,0,0,0
1451,openal-soft,应用,应用,0,0,0,0,0
1452,openblas,应用,应用,0,0,0,0,0
1453,openblas-srpm-macros,应用,应用,0,0,0,0,0
1454,openbox,应用,其它,0,0,1,0,0
1455,openchange,应用,应用,1,0,0,0,0
1456,opencore-amr,应用,应用,0,0,0,0,0
1457,opencryptoki,应用,核心,3,0,-1,1,0
1458,opencv,应用,应用,0,0,0,0,0
1459,openhpi,应用,系统,4,0,-1,1,0
1460,openjade,应用,其它,0,0,1,0,0
1461,openjpeg2,应用,系统,1,0,-1,0,0
1462,openldap,系统,系统,0,1,0,0,1
1463,openmpi,应用,核心,0,0,-1,0,0
1464,openoffice-lv,其它,其它,0,0,0,0,0
1465,openoffice.org-dict-cs_CZ,其它,应用,0,0,-1,0,0
1466,openpgm,应用,应用,0,0,0,0,0
1467,opensc,应用,系统,4,0,-1,0,0
1468,openscap,应用,系统,0,0,-1,0,0
1469,openslp,应用,核心,3,0,-1,0,0
1470,opensm,应用,核心,2,0,-1,1,0
1471,opensp,应用,其它,0,0,1,0,0
1472,openssh,系统,核心,0,0,-1,4,0
1473,openssl,核心,核心,0,36,0,2,0
1474,openssl-ibmpkcs11,应用,其它,0,0,1,0,0
1475,openssl-pkcs11,系统,核心,0,0,-1,0,0
1476,openwsman,应用,系统,0,0,-1,0,0
1477,opus,应用,应用,1,0,0,0,0
1478,orc,应用,应用,1,0,0,0,1
1479,orca,应用,系统,0,0,-1,0,0
1480,os-prober,应用,应用,0,0,0,0,0
1481,osbuild,应用,系统,0,0,-1,0,0
1482,osbuild-composer,系统,系统,0,0,0,0,0
1483,oscap-anaconda-addon,应用,应用,0,0,0,0,0
1484,osinfo-db,系统,其它,0,0,1,0,0
1485,osinfo-db-tools,应用,其它,0,0,1,0,0
1486,ostree,应用,系统,6,0,-1,1,0
1487,p11-kit,系统,系统,0,0,0,0,0
1488,p7zip,应用,应用,0,0,0,0,0
1489,pacemaker,应用,其它,0,0,1,0,0
1490,pakchois,应用,应用,0,0,0,0,0
1491,pam,核心,核心,0,11,0,6,0
1492,pango,应用,核心,2,0,-1,0,9
1493,pangomm,应用,应用,1,0,0,0,2
1494,papi,应用,核心,0,0,-1,0,0
1495,papirus-icon-theme,其它,其它,0,0,0,0,0
1496,paps,应用,核心,0,0,-1,0,0
1497,parted,应用,系统,4,0,-1,0,1
1498,passwd,应用,系统,4,0,-1,0,0
1499,patch,应用,系统,3,0,-1,0,1
1500,patchutils,应用,核心,0,0,-1,0,0
1501,pavucontrol,应用,系统,0,0,-1,0,0
1502,pcaudiolib,应用,应用,0,0,0,0,0
1503,pciutils,系统,核心,0,0,-1,0,1
1504,pcp,应用,系统,0,0,-1,0,0
1505,pcre,系统,系统,0,0,0,0,1
1506,pcre2,核心,核心,0,2,0,0,0
1507,pcs,应用,系统,0,0,-1,0,0
1508,pcsc-lite,应用,其它,0,0,1,0,0
1509,pcsc-lite-ccid,应用,应用,0,0,0,0,0
1510,pentaho-libxml,应用,应用,0,0,0,0,0
1511,pentaho-reporting-flow-engine,应用,应用,0,0,0,0,0
1512,perftest,应用,应用,1,0,0,0,0
1513,perl,应用,核心,2,0,-1,0,7
1514,perl-Algorithm-Diff,应用,应用,0,0,0,0,0
1515,perl-Archive-Tar,应用,应用,0,0,0,0,0
1516,perl-Archive-Zip,应用,应用,0,0,0,0,0
1517,perl-Authen-SASL,应用,应用,0,0,0,0,0
1518,perl-B-Debug,应用,应用,0,0,0,0,0
1519,perl-B-Hooks-EndOfScope,应用,应用,0,0,0,0,0
1520,perl-B-Lint,应用,应用,0,0,0,0,0
1521,perl-Bit-Vector,应用,应用,0,0,0,0,0
1522,perl-CGI,应用,应用,0,0,0,0,0
1523,perl-CPAN,应用,应用,0,0,0,0,0
1524,perl-CPAN-Meta,应用,应用,0,0,0,0,0
1525,perl-CPAN-Meta-Requirements,应用,应用,0,0,0,0,0
1526,perl-CPAN-Meta-YAML,应用,应用,0,0,0,0,0
1527,perl-Capture-Tiny,应用,应用,0,0,0,0,0
1528,perl-Carp,应用,应用,0,0,0,0,0
1529,perl-Carp-Clan,应用,应用,0,0,0,0,0
1530,perl-Class-Data-Inheritable,应用,应用,0,0,0,0,0
1531,perl-Class-Factory-Util,应用,应用,0,0,0,0,0
1532,perl-Class-ISA,应用,应用,0,0,0,0,0
1533,perl-Class-Inspector,应用,应用,0,0,0,0,0
1534,perl-Class-Method-Modifiers,应用,应用,0,0,0,0,0
1535,perl-Class-Singleton,应用,应用,0,0,0,0,0
1536,perl-Class-XSAccessor,应用,应用,0,0,0,0,0
1537,perl-Compress-Bzip2,应用,应用,0,0,0,0,0
1538,perl-Compress-Raw-Bzip2,应用,应用,0,0,0,0,0
1539,perl-Compress-Raw-Zlib,应用,应用,0,0,0,0,0
1540,perl-Config-AutoConf,应用,应用,0,0,0,0,0
1541,perl-Config-Perl-V,应用,应用,0,0,0,0,0
1542,perl-Config-Tiny,应用,应用,0,0,0,0,0
1543,perl-Convert-ASN1,应用,应用,0,0,0,0,0
1544,perl-Crypt-OpenSSL-Bignum,应用,应用,0,0,0,0,0
1545,perl-Crypt-OpenSSL-RSA,应用,应用,0,0,0,0,0
1546,perl-Crypt-OpenSSL-Random,应用,应用,0,0,0,0,0
1547,perl-DBD-MySQL,应用,应用,0,0,0,0,0
1548,perl-DBD-SQLite,应用,其它,0,0,1,0,0
1549,perl-DBI,应用,系统,0,0,-1,0,0
1550,perl-DB_File,应用,应用,0,0,0,0,0
1551,perl-Data-Dump,应用,应用,0,0,0,0,0
1552,perl-Data-Dumper,应用,应用,0,0,0,0,0
1553,perl-Data-OptList,应用,应用,0,0,0,0,0
1554,perl-Data-Section,应用,其它,0,0,1,0,0
1555,perl-Date-Calc,应用,应用,0,0,0,0,0
1556,perl-Date-ISO8601,应用,应用,0,0,0,0,0
1557,perl-Date-Manip,应用,其它,0,0,1,0,0
1558,perl-DateTime,应用,应用,0,0,0,0,0
1559,perl-DateTime-Format-Builder,应用,系统,0,0,-1,0,0
1560,perl-DateTime-Format-HTTP,应用,应用,0,0,0,0,0
1561,perl-DateTime-Format-ISO8601,应用,应用,0,0,0,0,0
1562,perl-DateTime-Format-Mail,应用,应用,0,0,0,0,0
1563,perl-DateTime-Format-Strptime,应用,应用,0,0,0,0,0
1564,perl-DateTime-Locale,应用,应用,0,0,0,0,0
1565,perl-DateTime-TimeZone,应用,应用,0,0,0,0,0
1566,perl-DateTime-TimeZone-SystemV,应用,应用,0,0,0,0,0
1567,perl-DateTime-TimeZone-Tzfile,应用,应用,0,0,0,0,0
1568,perl-Devel-CallChecker,应用,应用,0,0,0,0,0
1569,perl-Devel-Caller,应用,应用,0,0,0,0,0
1570,perl-Devel-GlobalDestruction,应用,应用,0,0,0,0,0
1571,perl-Devel-LexAlias,应用,应用,0,0,0,0,0
1572,perl-Devel-PPPort,应用,应用,0,0,0,0,0
1573,perl-Devel-Size,应用,应用,0,0,0,0,0
1574,perl-Devel-StackTrace,应用,应用,0,0,0,0,0
1575,perl-Devel-Symdump,应用,应用,0,0,0,0,0
1576,perl-Digest,应用,应用,0,0,0,0,0
1577,perl-Digest-HMAC,应用,应用,0,0,0,0,0
1578,perl-Digest-MD5,应用,应用,0,0,0,0,0
1579,perl-Digest-SHA,应用,应用,0,0,0,0,0
1580,perl-Dist-CheckConflicts,应用,应用,0,0,0,0,0
1581,perl-DynaLoader-Functions,应用,应用,0,0,0,0,0
1582,perl-Encode,应用,应用,0,0,0,0,0
1583,perl-Encode-Detect,应用,应用,0,0,0,0,0
1584,perl-Encode-Locale,应用,应用,0,0,0,0,0
1585,perl-Env,应用,应用,0,0,0,0,0
1586,perl-Error,应用,应用,0,0,0,0,0
1587,perl-Eval-Closure,应用,应用,0,0,0,0,0
1588,perl-Exception-Class,应用,应用,0,0,0,0,0
1589,perl-Exporter,应用,应用,0,0,0,0,0
1590,perl-Exporter-Tiny,应用,应用,0,0,0,0,0
1591,perl-ExtUtils-CBuilder,应用,应用,0,0,0,0,0
1592,perl-ExtUtils-Install,应用,应用,0,0,0,0,0
1593,perl-ExtUtils-MakeMaker,应用,系统,0,0,-1,0,0
1594,perl-ExtUtils-Manifest,应用,应用,0,0,0,0,0
1595,perl-ExtUtils-ParseXS,应用,应用,0,0,0,0,0
1596,perl-Fedora-VSP,应用,应用,0,0,0,0,0
1597,perl-File-BaseDir,应用,其它,0,0,1,0,0
1598,perl-File-CheckTree,应用,核心,0,0,-1,0,0
1599,perl-File-DesktopEntry,应用,应用,0,0,0,0,0
1600,perl-File-Fetch,应用,应用,0,0,0,0,0
1601,perl-File-Find-Object,应用,应用,0,0,0,0,0
1602,perl-File-Find-Rule,应用,应用,0,0,0,0,0
1603,perl-File-HomeDir,应用,应用,0,0,0,0,0
1604,perl-File-Listing,应用,应用,0,0,0,0,0
1605,perl-File-MimeInfo,应用,应用,0,0,0,0,0
1606,perl-File-Path,应用,应用,0,0,0,0,0
1607,perl-File-ReadBackwards,应用,应用,0,0,0,0,0
1608,perl-File-Remove,应用,应用,0,0,0,0,0
1609,perl-File-ShareDir,应用,应用,0,0,0,0,0
1610,perl-File-Slurp,应用,应用,0,0,0,0,0
1611,perl-File-Temp,应用,应用,0,0,0,0,0
1612,perl-File-Which,应用,应用,0,0,0,0,0
1613,perl-Filter,应用,应用,0,0,0,0,0
1614,perl-Filter-Simple,应用,应用,0,0,0,0,0
1615,perl-GSSAPI,应用,应用,0,0,0,0,0
1616,perl-Getopt-Long,应用,应用,0,0,0,0,0
1617,perl-HTML-Parser,应用,应用,0,0,0,0,0
1618,perl-HTML-Tagset,应用,应用,0,0,0,0,0
1619,perl-HTML-Tree,应用,应用,0,0,0,0,0
1620,perl-HTTP-Cookies,应用,应用,0,0,0,0,0
1621,perl-HTTP-Date,应用,应用,0,0,0,0,0
1622,perl-HTTP-Message,应用,应用,0,0,0,0,0
1623,perl-HTTP-Negotiate,应用,应用,0,0,0,0,0
1624,perl-HTTP-Tiny,应用,应用,0,0,0,0,0
1625,perl-IO-All,应用,应用,0,0,0,0,0
1626,perl-IO-Compress,应用,应用,0,0,0,0,0
1627,perl-IO-HTML,应用,其它,0,0,1,0,0
1628,perl-IO-Multiplex,应用,应用,0,0,0,0,0
1629,perl-IO-Socket-INET6,应用,应用,0,0,0,0,0
1630,perl-IO-Socket-IP,应用,其它,0,0,1,0,0
1631,perl-IO-Socket-SSL,应用,应用,0,0,0,0,0
1632,perl-IO-String,应用,应用,0,0,0,0,0
1633,perl-IO-Tty,应用,应用,0,0,0,0,0
1634,perl-IO-stringy,应用,系统,0,0,-1,0,0
1635,perl-IPC-Cmd,应用,其它,0,0,1,0,0
1636,perl-IPC-Run,应用,应用,0,0,0,0,0
1637,perl-IPC-SysV,应用,应用,0,0,0,0,0
1638,perl-IPC-System-Simple,应用,应用,0,0,0,0,0
1639,perl-Importer,应用,应用,0,0,0,0,0
1640,perl-JSON,应用,应用,0,0,0,0,0
1641,perl-JSON-PP,应用,应用,0,0,0,0,0
1642,perl-JSON-XS,应用,应用,0,0,0,0,0
1643,perl-LDAP,应用,应用,0,0,0,0,0
1644,perl-LWP-MediaTypes,应用,应用,0,0,0,0,0
1645,perl-List-MoreUtils,应用,其它,0,0,1,0,0
1646,perl-List-MoreUtils-XS,应用,应用,0,0,0,0,0
1647,perl-Locale-Codes,应用,应用,0,0,0,0,0
1648,perl-Locale-Maketext,应用,系统,0,0,-1,0,0
1649,perl-MIME-Base64,应用,应用,0,0,0,0,0
1650,perl-MIME-Charset,应用,其它,0,0,1,0,0
1651,perl-MRO-Compat,应用,应用,0,0,0,0,0
1652,perl-Mail-DKIM,应用,应用,0,0,0,0,0
1653,perl-Mail-SPF,应用,应用,0,0,0,0,0
1654,perl-Mail-Sender,应用,应用,0,0,0,0,0
1655,perl-MailTools,应用,应用,0,0,0,0,0
1656,perl-Math-BigInt,应用,应用,0,0,0,0,0
1657,perl-Math-BigInt-FastCalc,应用,应用,0,0,0,0,0
1658,perl-Math-BigRat,应用,应用,0,0,0,0,0
1659,perl-Module-Build,应用,系统,0,0,-1,0,0
1660,perl-Module-CoreList,应用,其它,0,0,1,0,0
1661,perl-Module-Implementation,应用,应用,0,0,0,0,0
1662,perl-Module-Install,应用,应用,0,0,0,0,0
1663,perl-Module-Install-AuthorTests,应用,应用,0,0,0,0,0
1664,perl-Module-Install-ReadmeFromPod,应用,应用,0,0,0,0,0
1665,perl-Module-Load,应用,应用,0,0,0,0,0
1666,perl-Module-Load-Conditional,应用,其它,0,0,1,0,0
1667,perl-Module-Metadata,应用,其它,0,0,1,0,0
1668,perl-Module-Pluggable,应用,其它,0,0,1,0,0
1669,perl-Module-ScanDeps,应用,应用,0,0,0,0,0
1670,perl-Mozilla-LDAP,应用,应用,0,0,0,0,0
1671,perl-NTLM,应用,应用,0,0,0,0,0
1672,perl-Net-DNS,应用,应用,0,0,0,0,0
1673,perl-Net-HTTP,应用,应用,0,0,0,0,0
1674,perl-Net-SMTP-SSL,应用,应用,0,0,0,0,0
1675,perl-Net-SSLeay,应用,应用,0,0,0,0,0
1676,perl-Net-Server,应用,应用,0,0,0,0,0
1677,perl-NetAddr-IP,应用,其它,0,0,1,0,0
1678,perl-Number-Compare,应用,应用,0,0,0,0,0
1679,perl-Package-DeprecationManager,应用,应用,0,0,0,0,0
1680,perl-Package-Generator,应用,应用,0,0,0,0,0
1681,perl-Package-Stash,应用,应用,0,0,0,0,0
1682,perl-Package-Stash-XS,应用,应用,0,0,0,0,0
1683,perl-PadWalker,应用,应用,0,0,0,0,0
1684,perl-Params-Check,应用,应用,0,0,0,0,0
1685,perl-Params-Classify,应用,应用,0,0,0,0,0
1686,perl-Params-Util,应用,其它,0,0,1,0,0
1687,perl-Params-Validate,应用,应用,0,0,0,0,0
1688,perl-Params-ValidationCompiler,应用,系统,0,0,-1,0,0
1689,perl-Parse-Yapp,应用,应用,0,0,0,0,0
1690,perl-Path-Tiny,应用,应用,0,0,0,0,0
1691,perl-PathTools,应用,应用,0,0,0,0,0
1692,perl-Perl-OSType,应用,应用,0,0,0,0,0
1693,perl-PerlIO-via-QuotedPrint,应用,应用,0,0,0,0,0
1694,perl-Pod-Checker,应用,应用,0,0,0,0,0
1695,perl-Pod-Coverage,应用,应用,0,0,0,0,0
1696,perl-Pod-Escapes,应用,应用,0,0,0,0,0
1697,perl-Pod-LaTeX,应用,应用,0,0,0,0,0
1698,perl-Pod-Markdown,应用,应用,0,0,0,0,0
1699,perl-Pod-Parser,应用,应用,0,0,0,0,0
1700,perl-Pod-Perldoc,应用,应用,0,0,0,0,0
1701,perl-Pod-Plainer,应用,应用,0,0,0,0,0
1702,perl-Pod-Simple,应用,应用,0,0,0,0,0
1703,perl-Pod-Usage,应用,系统,0,0,-1,0,0
1704,perl-Ref-Util,应用,应用,0,0,0,0,0
1705,perl-Ref-Util-XS,应用,应用,0,0,0,0,0
1706,perl-Role-Tiny,应用,其它,0,0,1,0,0
1707,perl-SGMLSpm,应用,应用,0,0,0,0,0
1708,perl-SNMP_Session,应用,应用,0,0,0,0,0
1709,perl-SUPER,应用,其它,0,0,1,0,0
1710,perl-Scalar-List-Utils,应用,应用,0,0,0,0,0
1711,perl-Scope-Guard,应用,应用,0,0,0,0,0
1712,perl-Socket,应用,应用,0,0,0,0,0
1713,perl-Socket6,应用,应用,0,0,0,0,0
1714,perl-Software-License,应用,其它,0,0,1,0,0
1715,perl-Specio,应用,应用,0,0,0,0,0
1716,perl-Storable,应用,应用,0,0,0,0,0
1717,perl-String-CRC32,应用,应用,0,0,0,0,0
1718,perl-Sub-Exporter,应用,应用,0,0,0,0,0
1719,perl-Sub-Exporter-Progressive,应用,系统,0,0,-1,0,0
1720,perl-Sub-Identify,应用,应用,0,0,0,0,0
1721,perl-Sub-Info,应用,应用,0,0,0,0,0
1722,perl-Sub-Install,应用,其它,0,0,1,0,0
1723,perl-Sub-Name,应用,应用,0,0,0,0,0
1724,perl-Sub-Uplevel,应用,应用,0,0,0,0,0
1725,perl-Sys-CPU,应用,应用,0,0,0,0,0
1726,perl-Sys-MemInfo,应用,应用,0,0,0,0,0
1727,perl-Sys-Syslog,应用,应用,0,0,0,0,0
1728,perl-Term-ANSIColor,应用,应用,0,0,0,0,0
1729,perl-Term-Cap,应用,应用,0,0,0,0,0
1730,perl-Term-Size-Any,应用,应用,0,0,0,0,0
1731,perl-Term-Size-Perl,应用,应用,0,0,0,0,0
1732,perl-Term-Table,应用,应用,0,0,0,0,0
1733,perl-TermReadKey,应用,应用,0,0,0,0,0
1734,perl-Test-Exception,应用,应用,0,0,0,0,0
1735,perl-Test-Harness,应用,应用,0,0,0,0,0
1736,perl-Test-Pod-Coverage,应用,应用,0,0,0,0,0
1737,perl-Test-Simple,应用,其它,0,0,1,0,0
1738,perl-Test-Warn,应用,应用,0,0,0,0,0
1739,perl-Test2-Suite,应用,应用,0,0,0,0,0
1740,perl-Text-Balanced,应用,应用,0,0,0,0,0
1741,perl-Text-CharWidth,应用,应用,0,0,0,0,0
1742,perl-Text-Diff,应用,应用,0,0,0,0,0
1743,perl-Text-Glob,应用,应用,0,0,0,0,0
1744,perl-Text-ParseWords,应用,应用,0,0,0,0,0
1745,perl-Text-Soundex,应用,应用,0,0,0,0,0
1746,perl-Text-Tabs+Wrap,应用,应用,0,0,0,0,0
1747,perl-Text-Template,应用,应用,0,0,0,0,0
1748,perl-Text-Unidecode,应用,应用,0,0,0,0,0
1749,perl-Text-WrapI18N,应用,应用,0,0,0,0,0
1750,perl-Thread-Queue,应用,其它,0,0,1,0,0
1751,perl-Time-HiRes,应用,应用,0,0,0,0,0
1752,perl-Time-Local,应用,应用,0,0,0,0,0
1753,perl-TimeDate,应用,应用,0,0,0,0,0
1754,perl-Tk,应用,应用,0,0,0,0,0
1755,perl-Try-Tiny,应用,应用,0,0,0,0,0
1756,perl-Types-Serialiser,应用,应用,0,0,0,0,0
1757,perl-URI,应用,应用,0,0,0,0,0
1758,perl-Unicode-Collate,应用,应用,0,0,0,0,0
1759,perl-Unicode-EastAsianWidth,应用,应用,0,0,0,0,0
1760,perl-Unicode-LineBreak,应用,应用,0,0,0,0,0
1761,perl-Unicode-Normalize,应用,应用,0,0,0,0,0
1762,perl-Unicode-UTF8,应用,应用,0,0,0,0,0
1763,perl-Unix-Syslog,应用,应用,0,0,0,0,0
1764,perl-Variable-Magic,应用,应用,0,0,0,0,0
1765,perl-WWW-RobotRules,应用,应用,0,0,0,0,0
1766,perl-XML-Catalog,应用,应用,0,0,0,0,0
1767,perl-XML-DOM,应用,应用,0,0,0,0,0
1768,perl-XML-LibXML,应用,应用,0,0,0,0,0
1769,perl-XML-LibXML-PrettyPrint,应用,应用,0,0,0,0,0
1770,perl-XML-NamespaceSupport,应用,应用,0,0,0,0,0
1771,perl-XML-Parser,应用,应用,0,0,0,0,0
1772,perl-XML-RegExp,应用,应用,0,0,0,0,0
1773,perl-XML-SAX,应用,应用,0,0,0,0,0
1774,perl-XML-SAX-Base,应用,应用,0,0,0,0,0
1775,perl-XML-Simple,应用,应用,0,0,0,0,0
1776,perl-XML-TokeParser,应用,系统,0,0,-1,0,0
1777,perl-XML-Twig,应用,应用,0,0,0,0,0
1778,perl-XML-XPath,应用,应用,0,0,0,0,0
1779,perl-YAML,应用,应用,0,0,0,0,0
1780,perl-YAML-Tiny,应用,应用,0,0,0,0,0
1781,perl-autodie,应用,其它,0,0,1,0,0
1782,perl-bignum,应用,其它,0,0,1,0,0
1783,perl-common-sense,应用,应用,0,0,0,0,0
1784,perl-constant,应用,系统,0,0,-1,0,0
1785,perl-experimental,应用,其它,0,0,1,0,0
1786,perl-generators,应用,应用,0,0,0,0,0
1787,perl-gettext,应用,应用,0,0,0,0,0
1788,perl-inc-latest,应用,应用,0,0,0,0,0
1789,perl-libintl-perl,应用,应用,0,0,0,0,0
1790,perl-libnet,应用,应用,0,0,0,0,0
1791,perl-libwww-perl,应用,应用,0,0,0,0,0
1792,perl-libxml-perl,应用,应用,0,0,0,0,0
1793,perl-local-lib,应用,核心,0,0,-1,0,0
1794,perl-namespace-autoclean,应用,应用,0,0,0,0,0
1795,perl-namespace-clean,应用,应用,0,0,0,0,0
1796,perl-parent,应用,应用,0,0,0,0,0
1797,perl-perlfaq,应用,应用,0,0,0,0,0
1798,perl-podlators,应用,应用,0,0,0,0,0
1799,perl-srpm-macros,系统,应用,0,0,1,0,0
1800,perl-threads,应用,应用,0,0,0,0,0
1801,perl-threads-shared,应用,应用,0,0,0,0,0
1802,perl-version,应用,应用,0,0,0,0,0
1803,perltidy,应用,系统,0,0,-1,0,0
1804,pesign,应用,系统,0,0,-1,0,0
1805,phonon,应用,应用,0,0,0,0,0
1806,pidgin,应用,应用,0,0,0,0,0
1807,pidgin-sipe,应用,其它,0,0,1,0,0
1808,pigz,应用,应用,2,0,0,0,0
1809,pinentry,应用,应用,3,0,0,0,0
1810,pinfo,应用,应用,0,0,0,0,0
1811,pipewire,应用,核心,0,0,-1,0,0
1812,pipewire0.2,应用,应用,0,0,0,0,0
1813,pixman,应用,核心,1,0,-1,0,1
1814,pkgconf,应用,应用,2,0,0,0,0
1815,plasma-breeze,其它,其它,0,0,0,0,0
1816,plotutils,应用,应用,0,0,0,0,0
1817,plymouth,系统,核心,0,0,-1,3,0
1818,pmdk,应用,系统,0,0,-1,0,0
1819,pmix,应用,核心,0,0,-1,0,0
1820,po4a,应用,应用,0,0,0,0,0
1821,policycoreutils,应用,系统,8,0,-1,1,0
1822,polkit,系统,核心,0,0,-1,2,0
1823,polkit-pkla-compat,应用,应用,0,0,0,0,0
1824,polkit-qt-1,应用,应用,0,0,0,0,0
1825,poppler,应用,系统,1,0,-1,0,0
1826,poppler-data,应用,其它,0,0,1,0,0
1827,popt,系统,系统,0,1,0,0,2
1828,portreserve,应用,应用,2,0,0,1,0
1829,postfix,应用,核心,3,0,-1,2,0
1830,postgresql-jdbc,其它,系统,0,0,-1,0,0
1831,postgresql-odbc,其它,其它,0,0,0,0,0
1832,potrace,应用,核心,0,0,-1,0,0
1833,powertop,应用,核心,0,0,-1,0,1
1834,ppp,应用,核心,5,0,-1,1,1
1835,prefixdevname,系统,核心,0,0,-1,1,0
1836,procmail,应用,系统,0,0,-1,0,0
1837,procps-ng,系统,系统,0,0,0,0,0
1838,prometheus-jmx-exporter,应用,应用,0,0,0,0,0
1839,protobuf,应用,系统,2,0,-1,0,0
1840,protobuf-c,应用,应用,0,0,0,0,0
1841,ps_mem,应用,系统,0,0,-1,0,0
1842,psacct,应用,核心,3,0,-1,1,0
1843,psmisc,系统,核心,0,2,-1,0,0
1844,pstoedit,应用,应用,0,0,0,0,0
1845,publicsuffix-list,应用,系统,0,0,-1,0,0
1846,pugixml,应用,应用,0,0,0,0,0
1847,pulseaudio,系统,核心,0,0,-1,12,0
1848,pyOpenSSL,应用,系统,0,0,-1,0,0
1849,pyatspi,应用,系统,0,0,-1,0,0
1850,pycairo,应用,系统,1,0,-1,0,0
1851,pygobject3,应用,系统,1,0,-1,0,5
1852,pykickstart,应用,系统,0,0,-1,0,1
1853,pyodbc,应用,系统,0,0,-1,1,0
1854,pyparsing,应用,系统,0,0,-1,0,0
1855,pyparted,应用,系统,1,0,-1,0,1
1856,pyserial,应用,系统,0,0,-1,0,0
1857,pytest,应用,系统,0,0,-1,0,0
1858,python-argcomplete,应用,其它,0,0,1,0,0
1859,python-argh,应用,其它,0,0,1,0,0
1860,python-asn1crypto,应用,应用,0,0,0,0,0
1861,python-attrs,应用,应用,0,0,0,0,0
1862,python-augeas,应用,应用,0,0,0,0,0
1863,python-blivet,应用,其它,0,0,1,0,0
1864,python-boto3,应用,应用,0,0,0,0,0
1865,python-botocore,应用,系统,0,0,-1,0,0
1866,python-cffi,应用,应用,0,0,0,0,0
1867,python-chardet,应用,应用,0,0,0,0,0
1868,python-click,应用,应用,0,0,0,0,0
1869,python-configobj,应用,应用,0,0,0,0,0
1870,python-configshell,应用,应用,0,0,0,0,0
1871,python-coverage,应用,应用,0,0,0,0,0
1872,python-cpio,应用,应用,0,0,0,0,0
1873,python-cryptography,应用,应用,0,0,0,0,0
1874,python-cups,应用,其它,0,0,1,0,0
1875,python-dasbus,应用,应用,0,0,0,0,0
1876,python-dateutil,应用,应用,0,0,0,0,0
1877,python-dbus-client-gen,应用,应用,0,0,0,0,0
1878,python-dbus-python-client-gen,应用,应用,0,0,0,0,0
1879,python-dbus-signature-pyparsing,应用,应用,0,0,0,0,0
1880,python-decorator,应用,应用,0,0,0,0,0
1881,python-dmidecode,应用,应用,0,0,0,0,0
1882,python-dns,应用,系统,0,0,-1,0,0
1883,python-enchant,应用,应用,0,0,0,0,0
1884,python-ethtool,应用,应用,0,0,0,0,0
1885,python-evdev,应用,系统,0,0,-1,0,0
1886,python-fasteners,应用,其它,0,0,1,0,0
1887,python-flask,应用,应用,0,0,0,0,0
1888,python-gevent,应用,应用,0,0,0,0,0
1889,python-gflags,应用,应用,0,0,0,0,0
1890,python-greenlet,应用,应用,0,0,0,0,0
1891,python-gssapi,应用,应用,0,0,0,0,0
1892,python-html5lib,应用,应用,0,0,0,0,0
1893,python-httplib2,应用,应用,0,0,0,0,0
1894,python-humanize,应用,系统,0,0,-1,0,0
1895,python-hwdata,应用,系统,0,0,-1,0,0
1896,python-idna,应用,应用,0,0,0,0,0
1897,python-imagesize,应用,应用,0,0,0,0,0
1898,python-iniparse,应用,应用,0,0,0,0,0
1899,python-inotify,应用,应用,0,0,0,0,0
1900,python-into-dbus-python,应用,应用,0,0,0,0,0
1901,python-itsdangerous,应用,应用,0,0,0,0,0
1902,python-jinja2,应用,应用,0,0,0,0,0
1903,python-jmespath,应用,应用,0,0,0,0,0
1904,python-jsonpatch,应用,应用,0,0,0,0,0
1905,python-jsonpointer,应用,应用,0,0,0,0,0
1906,python-jsonschema,应用,应用,0,0,0,0,0
1907,python-justbases,应用,应用,0,0,0,0,0
1908,python-justbytes,应用,应用,0,0,0,0,0
1909,python-jwt,应用,应用,0,0,0,0,0
1910,python-kmod,应用,应用,0,0,0,0,0
1911,python-ldap,应用,应用,0,0,0,0,0
1912,python-linux-procfs,应用,其它,0,0,1,0,0
1913,python-lxml,应用,应用,0,0,0,0,0
1914,python-mako,应用,应用,0,0,0,0,0
1915,python-markupsafe,应用,应用,0,0,0,0,0
1916,python-meh,应用,应用,0,0,0,0,0
1917,python-mock,应用,应用,0,0,0,0,0
1918,python-netaddr,应用,应用,0,0,0,0,0
1919,python-netifaces,应用,应用,0,0,0,0,0
1920,python-networkx,应用,应用,0,0,0,0,0
1921,python-ntplib,应用,应用,0,0,0,0,0
1922,python-oauth2client,应用,应用,0,0,0,0,0
1923,python-oauthlib,应用,应用,0,0,0,0,0
1924,python-ordered-set,应用,应用,0,0,0,0,0
1925,python-packaging,应用,应用,0,0,0,0,0
1926,python-pexpect,应用,应用,0,0,0,0,0
1927,python-pid,应用,其它,0,0,1,0,0
1928,python-pillow,应用,应用,0,0,0,0,0
1929,python-pip,应用,系统,0,0,-1,0,0
1930,python-pluggy,应用,其它,0,0,1,0,0
1931,python-ply,应用,应用,0,0,0,0,0
1932,python-prettytable,应用,应用,0,0,0,0,0
1933,python-productmd,应用,应用,0,0,0,0,0
1934,python-psutil,应用,应用,0,0,0,0,0
1935,python-psycopg2,应用,应用,0,0,0,0,0
1936,python-ptyprocess,应用,应用,0,0,0,0,0
1937,python-py,应用,应用,0,0,0,0,0
1938,python-pyasn1,应用,应用,0,0,0,0,0
1939,python-pycparser,应用,应用,0,0,0,0,0
1940,python-pycurl,应用,应用,0,0,0,0,0
1941,python-pydbus,应用,应用,0,0,0,0,0
1942,python-pyghmi,应用,应用,0,0,0,0,0
1943,python-pysocks,应用,应用,0,0,0,0,0
1944,python-pytoml,应用,应用,0,0,0,0,0
1945,python-pyudev,应用,应用,0,0,0,0,0
1946,python-qt5,应用,应用,0,0,0,0,0
1947,python-reportlab,应用,系统,0,0,-1,0,0
1948,python-requests,应用,应用,0,0,0,0,0
1949,python-requests-file,应用,应用,0,0,0,0,0
1950,python-requests-ftp,应用,应用,0,0,0,0,0
1951,python-requests-oauthlib,应用,应用,0,0,0,0,0
1952,python-resolvelib,应用,应用,0,0,0,0,0
1953,python-rpm-macros,系统,系统,0,0,0,0,0
1954,python-rpmfluff,应用,应用,0,0,0,0,0
1955,python-rtslib,应用,应用,0,0,0,0,0
1956,python-s3transfer,应用,应用,0,0,0,0,0
1957,python-schedutils,应用,应用,0,0,0,0,0
1958,python-semantic_version,应用,应用,0,0,0,0,0
1959,python-setuptools,应用,核心,0,0,-1,0,0
1960,python-simpleline,应用,应用,0,0,0,0,0
1961,python-six,应用,应用,0,0,0,0,0
1962,python-slip,应用,应用,0,0,0,0,0
1963,python-snowballstemmer,应用,应用,0,0,0,0,0
1964,python-sphinx,应用,应用,0,0,0,0,0
1965,python-sphinx-theme-alabaster,应用,其它,0,0,1,0,0
1966,python-sphinx_rtd_theme,应用,应用,0,0,0,0,0
1967,python-sphinxcontrib-websupport,应用,其它,0,0,1,0,0
1968,python-suds,应用,应用,0,0,0,0,0
1969,python-sushy,应用,应用,0,0,0,0,0
1970,python-systemd,应用,系统,0,0,-1,0,0
1971,python-uritemplate,应用,应用,0,0,0,0,0
1972,python-urllib3,应用,应用,0,0,0,0,0
1973,python-urwid,应用,应用,0,0,0,0,0
1974,python-varlink,应用,应用,0,0,0,0,0
1975,python-webencodings,应用,应用,0,0,0,0,0
1976,python-werkzeug,应用,应用,0,0,0,0,0
1977,python-whoosh,应用,应用,0,0,0,0,0
1978,python2,应用,系统,6,0,-1,0,8
1979,python2-pip,系统,系统,0,0,0,0,0
1980,python2-setuptools,系统,核心,0,0,-1,0,0
1981,python3,应用,核心,7,0,-1,0,26
1982,python3-azure-sdk,应用,其它,0,0,1,0,0
1983,python36,应用,系统,0,0,-1,0,1
1984,python38,应用,系统,0,0,-1,0,0
1985,python3x-six,应用,应用,0,0,0,0,0
1986,pytz,应用,系统,1,0,-1,0,1
1987,pywbem,应用,系统,0,0,-1,0,0
1988,pyxdg,应用,系统,0,0,-1,0,0
1989,qatengine,应用,应用,0,0,0,0,0
1990,qatlib,应用,应用,0,0,0,0,0
1991,qatzip,应用,应用,0,0,0,0,0
1992,qemu-kvm,系统,系统,0,0,0,0,0
1993,qgnomeplatform,系统,应用,0,0,1,4,0
1994,qpdf,应用,核心,3,0,-1,0,0
1995,qt5,应用,核心,0,0,-1,0,0
1996,qt5-qt3d,应用,其它,0,0,1,0,0
1997,qt5-qtbase,应用,系统,0,0,-1,0,0
1998,qt5-qtcanvas3d,应用,应用,0,0,0,0,0
1999,qt5-qtconnectivity,应用,应用,0,0,0,0,0
2000,qt5-qtdeclarative,应用,应用,0,0,0,0,0
2001,qt5-qtgraphicaleffects,应用,应用,0,0,0,0,0
2002,qt5-qtimageformats,应用,应用,0,0,0,0,0
2003,qt5-qtlocation,应用,系统,0,0,-1,0,0
2004,qt5-qtmultimedia,应用,应用,0,0,0,0,0
2005,qt5-qtquickcontrols,应用,应用,0,0,0,0,0
2006,qt5-qtquickcontrols2,应用,应用,0,0,0,0,0
2007,qt5-qtscript,应用,应用,0,0,0,0,0
2008,qt5-qtsensors,应用,系统,0,0,-1,0,0
2009,qt5-qtserialbus,应用,系统,0,0,-1,0,0
2010,qt5-qtserialport,应用,系统,0,0,-1,0,0
2011,qt5-qtsvg,应用,应用,0,0,0,0,0
2012,qt5-qttools,应用,其它,0,0,1,0,0
2013,qt5-qtvirtualkeyboard,应用,其它,0,0,1,0,0
2014,qt5-qtwayland,应用,应用,0,0,0,0,0
2015,qt5-qtwebchannel,应用,应用,0,0,0,0,0
2016,qt5-qtwebengine,应用,应用,0,0,0,0,0
2017,qt5-qtwebsockets,应用,应用,0,0,0,0,0
2018,qt5-qtx11extras,应用,应用,0,0,0,0,0
2019,qt5-qtxmlpatterns,应用,应用,0,0,0,0,0
2020,qtchooser,应用,其它,0,0,1,0,0
2021,quota,应用,系统,2,0,-1,2,0
2022,raptor2,应用,应用,0,0,0,0,0
2023,rarian,应用,应用,0,0,0,0,0
2024,rasdaemon,应用,核心,2,0,-1,1,0
2025,rasqal,应用,应用,0,0,0,0,0
2026,rdma-core,系统,系统,0,0,0,0,0
2027,readline,系统,系统,0,1,0,0,1
2028,realmd,应用,核心,2,0,-1,1,1
2029,rear,应用,系统,0,0,-1,0,0
2030,redfish-finder,应用,系统,0,0,-1,0,0
2031,redhat-lsb,应用,核心,0,0,-1,0,0
2032,redhat-menus,应用,其它,0,0,1,0,0
2033,redhat-rpm-config,系统,核心,0,0,-1,0,0
2034,redhat-support-lib-python,系统,应用,0,0,1,0,0
2035,redhat-support-tool,应用,系统,0,0,-1,0,0
2036,redland,应用,应用,0,0,0,0,0
2037,resource-agents,应用,其它,0,0,1,0,0
2038,rest,应用,应用,1,0,0,0,1
2039,rhythmbox,应用,应用,0,0,0,0,0
2040,rig,应用,系统,0,0,-1,0,0
2041,rng-tools,应用,系统,0,0,-1,0,0
2042,rootfiles,核心,核心,0,0,0,0,0
2043,rpcbind,应用,系统,2,0,-1,1,0
2044,rpm,系统,系统,0,0,0,4,0
2045,rpm-ostree,应用,应用,0,0,0,0,0
2046,rpmdevtools,应用,核心,0,0,-1,0,0
2047,rpmlint,应用,核心,0,0,-1,0,0
2048,rrdtool,应用,核心,0,0,-1,0,0
2049,rsync,应用,核心,4,0,-1,1,1
2050,rsyslog,系统,核心,0,0,-1,7,0
2051,rtkit,应用,核心,3,0,-1,2,1
2052,rubberband,应用,应用,0,0,0,0,0
2053,ruby,应用,系统,0,0,-1,0,1
2054,rust-srpm-macros,系统,应用,0,0,1,0,0
2055,saab-fonts,其它,其它,0,0,0,0,0
2056,sac,应用,应用,0,0,0,0,0
2057,samba,应用,核心,9,0,-1,2,1
2058,sane-backends,应用,应用,0,0,0,0,0
2059,sane-frontends,应用,应用,0,0,0,0,0
2060,sanlock,应用,系统,1,0,-1,0,1
2061,satyr,应用,系统,3,0,-1,0,0
2062,sbc,应用,核心,1,0,-1,0,1
2063,sbd,应用,其它,0,0,1,0,0
2064,sblim-cmpi-base,应用,应用,0,0,0,0,0
2065,sblim-gather,应用,核心,0,0,-1,0,0
2066,sblim-indication_helper,应用,系统,0,0,-1,0,0
2067,sblim-sfcCommon,应用,应用,0,0,0,0,0
2068,sblim-sfcb,应用,应用,0,0,0,0,0
2069,sblim-sfcc,应用,应用,0,0,0,0,0
2070,sblim-wbemcli,应用,应用,0,0,0,0,0
2071,scap-security-guide,应用,其它,0,0,1,0,0
2072,scap-workbench,应用,应用,0,0,0,0,0
2073,scipy,系统,其它,0,0,1,0,0
2074,scl-utils,应用,系统,0,0,-1,0,0
2075,scrub,应用,应用,2,0,0,0,0
2076,seahorse,其它,应用,5,0,-1,0,0
2077,sed,核心,核心,0,7,0,0,0
2078,selinux-policy,系统,应用,0,0,1,0,0
2079,sendmail,应用,系统,0,0,-1,0,0
2080,setools,应用,系统,2,0,-1,0,0
2081,setroubleshoot,应用,系统,4,0,-1,1,0
2082,setroubleshoot-plugins,应用,其它,0,0,1,0,0
2083,setserial,应用,应用,1,0,0,0,0
2084,setup,核心,核心,0,1,0,0,0
2085,sg3_utils,系统,核心,0,0,-1,0,0
2086,sgml-common,应用,系统,0,0,-1,0,0
2087,sgpio,应用,应用,1,0,0,0,0
2088,shadow-utils,应用,应用,0,0,0,0,0
2089,shared-mime-info,系统,其它,0,0,1,0,0
2090,shim,系统,应用,0,0,1,1,0
2091,sip,应用,系统,0,0,-1,0,0
2092,skkdic,应用,应用,0,0,0,0,0
2093,slang,应用,核心,1,0,-1,0,1
2094,smartmontools,应用,核心,3,0,-1,1,0
2095,smc-tools,应用,核心,0,0,-1,0,0
2096,snappy,应用,应用,1,0,0,0,0
2097,sombok,应用,应用,0,0,0,0,0
2098,sos,应用,核心,3,0,-1,0,0
2099,sos-collector,应用,应用,0,0,0,0,0
2100,sound-theme-freedesktop,应用,其它,0,0,1,0,0
2101,soundtouch,应用,系统,0,0,-1,0,0
2102,source-highlight,应用,应用,0,0,0,0,0
2103,soxr,应用,应用,0,0,0,0,0
2104,spamassassin,应用,核心,0,0,-1,0,0
2105,speech-dispatcher,应用,应用,0,0,0,0,0
2106,speex,应用,应用,0,0,0,0,0
2107,speexdsp,应用,应用,1,0,0,0,1
2108,spice,其它,核心,0,0,-1,0,0
2109,spice-gtk,其它,其它,0,0,0,0,0
2110,spice-streaming-agent,其它,应用,0,0,-1,0,0
2111,spice-vdagent,其它,应用,0,0,-1,0,0
2112,spirv-tools,应用,应用,0,0,0,0,0
2113,splix,应用,系统,0,0,-1,0,0
2114,sqlite,应用,核心,2,0,-1,0,6
2115,squashfs-tools,系统,核心,0,0,-1,0,0
2116,srt,应用,应用,0,0,0,0,0
2117,sscg,应用,其它,0,0,1,0,0
2118,sshpass,应用,其它,0,0,1,0,0
2119,sssd,系统,系统,0,0,0,9,0
2120,star,应用,系统,5,0,-1,0,0
2121,startdde,其它,其它,0,0,0,0,0
2122,startup-notification,应用,其它,0,0,1,0,0
2123,strace,应用,核心,4,0,-1,0,0
2124,stratis-cli,应用,其它,0,0,1,0,0
2125,stratisd,应用,核心,0,0,-1,0,0
2126,stress-ng,应用,应用,0,0,0,0,0
2127,stunnel,应用,核心,3,0,-1,1,0
2128,subversion,应用,应用,0,0,0,0,0
2129,sudo,系统,系统,0,0,0,0,0
2130,suitesparse,应用,系统,1,0,-1,0,0
2131,sushi,应用,应用,0,0,0,0,0
2132,switcheroo-control,应用,应用,0,0,0,0,0
2133,symlinks,应用,系统,1,0,-1,0,0
2134,sysfsutils,应用,应用,1,0,0,0,0
2135,syslinux,系统,应用,0,0,1,1,0
2136,sysstat,应用,系统,0,0,-1,0,1
2137,system-config-printer,应用,系统,0,0,-1,0,0
2138,system-lsb,核心,核心,0,0,0,0,0
2139,system-storage-manager,应用,系统,0,0,-1,0,0
2140,systemd,其它,核心,27,0,-1,0,111
2141,systemtap,系统,系统,0,0,0,7,0
2142,taglib,应用,应用,2,0,0,0,0
2143,tagsoup,应用,应用,0,0,0,0,0
2144,tang,应用,系统,0,0,-1,0,0
2145,tar,应用,系统,5,0,-1,0,2
2146,targetcli,应用,系统,0,0,-1,0,0
2147,tbb,应用,系统,1,0,-1,0,1
2148,tboot,应用,系统,4,0,-1,0,0
2149,tcl,应用,核心,2,0,-1,0,0
2150,teckit,应用,核心,0,0,-1,0,0
2151,tesseract,应用,应用,0,0,0,0,0
2152,tesseract-tessdata,应用,应用,0,0,0,0,0
2153,tex-fonts-hebrew,应用,应用,0,0,0,0,0
2154,texi2html,应用,应用,0,0,0,0,0
2155,texinfo,核心,核心,0,20,0,2,0
2156,texlive,应用,核心,0,0,-1,0,0
2157,thermald,应用,应用,0,0,0,0,0
2158,thunderbird,应用,核心,0,0,-1,0,0
2159,tigervnc,应用,其它,4,0,1,1,1
2160,time,应用,应用,3,0,0,0,0
2161,timedatex,应用,核心,3,0,-1,1,0
2162,tinycdb,应用,应用,0,0,0,0,0
2163,tix,应用,系统,0,0,-1,0,0
2164,tk,应用,核心,0,0,-1,0,0
2165,tlog,应用,系统,0,0,-1,0,0
2166,tmpwatch,应用,核心,1,0,-1,0,0
2167,tmux,应用,系统,2,0,-1,0,1
2168,tog-pegasus,应用,核心,0,0,-1,0,0
2169,tokyocabinet,应用,核心,0,0,-1,0,0
2170,torque,应用,应用,0,0,0,0,0
2171,totem,应用,系统,0,0,-1,1,0
2172,totem-pl-parser,应用,应用,0,0,0,0,0
2173,tpm-quote-tools,应用,其它,0,0,1,0,0
2174,tpm-tools,应用,系统,0,0,-1,0,0
2175,tpm2-abrmd,应用,其它,0,0,1,0,0
2176,tpm2-abrmd-selinux,应用,应用,0,0,0,0,0
2177,tpm2-tools,应用,应用,0,0,0,0,0
2178,tpm2-tss,应用,应用,0,0,0,0,0
2179,trace-cmd,应用,应用,0,0,0,0,0
2180,tracer,应用,系统,0,0,-1,0,0
2181,traceroute,应用,系统,2,0,-1,0,0
2182,tracker,应用,核心,3,0,-1,1,0
2183,tracker-miners,应用,其它,0,0,1,0,0
2184,tree,应用,应用,1,0,0,0,0
2185,trousers,系统,核心,0,0,-1,1,0
2186,tss2,应用,系统,2,0,-1,0,0
2187,ttmkfdir,应用,其它,2,0,1,0,0
2188,tuna,应用,系统,0,0,-1,0,0
2189,tuned,系统,核心,0,0,-1,6,0
2190,twolame,应用,应用,0,0,0,0,0
2191,tzdata,核心,核心,0,2,0,0,0
2192,uchardet,应用,应用,0,0,0,0,0
2193,ucs-miscfixed-fonts,其它,其它,0,0,0,0,0
2194,ucx,应用,核心,0,0,-1,0,0
2195,udisks2,应用,核心,3,0,-1,3,2
2196,udisks2-qt5,应用,其它,0,0,1,0,0
2197,uglify-js,应用,系统,0,0,-1,0,0
2198,unbound,应用,核心,3,0,-1,1,1
2199,unicode-ucd,应用,其它,0,0,1,0,0
2200,units,应用,系统,3,0,-1,0,0
2201,unixODBC,其它,系统,3,0,-1,0,1
2202,unrar,应用,应用,0,0,0,0,0
2203,unzip,应用,系统,3,0,-1,0,0
2204,upower,应用,核心,1,0,-1,1,0
2205,urlview,应用,核心,0,0,-1,0,0
2206,urw-base35-fonts,其它,其它,0,0,0,0,0
2207,usb_modeswitch,应用,核心,2,0,-1,1,0
2208,usb_modeswitch-data,应用,系统,0,0,-1,0,0
2209,usbguard,应用,系统,0,0,-1,0,0
2210,usbmuxd,应用,其它,0,0,1,0,1
2211,usbredir,应用,应用,0,0,0,0,0
2212,usbutils,应用,应用,3,0,0,1,0
2213,usermode,应用,系统,3,0,-1,0,0
2214,userspace-rcu,应用,应用,0,0,0,0,0
2215,util-linux,核心,核心,0,0,0,0,0
2216,v4l-utils,应用,应用,0,0,0,0,0
2217,valgrind,应用,核心,1,0,-1,0,0
2218,vamp-plugin-sdk,应用,应用,0,0,0,0,0
2219,vapoursynth,应用,应用,0,0,0,0,0
2220,vdo,应用,核心,3,0,-1,1,0
2221,vhostmd,应用,核心,1,0,-1,1,0
2222,vid.stab,应用,应用,0,0,0,0,0
2223,vim,系统,核心,0,0,-1,5,0
2224,vinagre,应用,系统,0,0,-1,0,0
2225,vino,应用,其它,0,0,1,0,0
2226,virt-manager,其它,其它,0,0,0,0,0
2227,virt-p2v,其它,其它,0,0,0,0,0
2228,virt-top,其它,其它,0,0,0,0,0
2229,virt-viewer,其它,其它,0,0,0,0,0
2230,virt-what,其它,其它,0,0,0,0,0
2231,vmaf,应用,应用,0,0,0,0,0
2232,vo-amrwbenc,应用,应用,0,0,0,0,0
2233,volume_key,应用,系统,2,0,-1,0,1
2234,vorbis-tools,应用,其它,0,0,1,0,0
2235,vte291,应用,核心,4,0,-1,0,0
2236,vulkan-loader,应用,应用,0,0,0,0,0
2237,vulkan-tools,应用,应用,0,0,0,0,0
2238,vulkan-validation-layers,应用,应用,0,0,0,0,0
2239,watchdog,系统,核心,0,0,-1,1,0
2240,wavpack,应用,应用,0,0,0,0,0
2241,wayland,应用,应用,1,0,0,0,3
2242,web-assets,应用,应用,0,0,0,0,0
2243,webkit2gtk3,应用,核心,3,0,-1,1,0
2244,webrtc-audio-processing,应用,应用,0,0,0,0,0
2245,wget,应用,应用,0,0,0,0,0
2246,which,系统,核心,0,0,-1,0,0
2247,wireshark,应用,系统,0,0,-1,0,0
2248,woff2,应用,应用,1,0,0,0,0
2249,words,应用,系统,0,0,-1,0,1
2250,wpa_supplicant,应用,核心,3,0,-1,2,1
2251,wsmancli,应用,系统,0,0,-1,0,0
2252,x264,应用,应用,0,0,0,0,0
2253,x265,应用,应用,0,0,0,0,0
2254,x3270,应用,核心,2,0,-1,0,0
2255,xapian-core,应用,系统,0,0,-1,0,0
2256,xcb-util,系统,系统,0,0,0,0,0
2257,xcb-util-cursor,应用,应用,0,0,0,0,0
2258,xcb-util-image,应用,应用,0,0,0,0,0
2259,xcb-util-keysyms,应用,应用,0,0,0,0,0
2260,xcb-util-renderutil,应用,应用,0,0,0,0,0
2261,xcb-util-wm,应用,应用,0,0,0,0,0
2262,xdelta,应用,应用,2,0,0,0,0
2263,xdg-desktop-portal,应用,应用,0,0,0,0,0
2264,xdg-desktop-portal-gtk,应用,其它,0,0,1,0,0
2265,xdg-user-dirs,应用,应用,0,0,0,0,0
2266,xdg-user-dirs-gtk,应用,其它,0,0,1,0,0
2267,xdg-utils,应用,其它,0,0,1,0,0
2268,xerces-c,应用,应用,0,0,0,0,0
2269,xfsdump,应用,应用,2,0,0,0,0
2270,xfsprogs,系统,系统,0,0,0,0,0
2271,xkeyboard-config,应用,核心,0,0,-1,0,0
2272,xmlrpc-c,应用,应用,0,0,0,0,0
2273,xmlsec1,应用,系统,0,0,-1,0,0
2274,xmlto,应用,系统,0,0,-1,0,0
2275,xorg-x11-drivers,应用,系统,0,0,-1,0,0
2276,xorg-x11-drv-ati,应用,应用,0,0,0,0,0
2277,xorg-x11-drv-dummy,应用,应用,0,0,0,0,0
2278,xorg-x11-drv-evdev,应用,应用,0,0,0,0,0
2279,xorg-x11-drv-fbdev,应用,应用,0,0,0,0,0
2280,xorg-x11-drv-intel,应用,应用,0,0,0,0,0
2281,xorg-x11-drv-libinput,应用,应用,0,0,0,0,0
2282,xorg-x11-drv-nouveau,应用,应用,0,0,0,0,0
2283,xorg-x11-drv-qxl,应用,应用,0,0,0,0,0
2284,xorg-x11-drv-v4l,应用,应用,0,0,0,0,0
2285,xorg-x11-drv-vesa,应用,应用,0,0,0,0,0
2286,xorg-x11-drv-vmware,应用,应用,0,0,0,0,0
2287,xorg-x11-drv-wacom,应用,应用,0,0,0,0,0
2288,xorg-x11-font-utils,应用,其它,0,0,1,0,0
2289,xorg-x11-fonts,其它,其它,0,0,0,0,0
2290,xorg-x11-server,应用,其它,0,0,1,0,0
2291,xorg-x11-server-Xwayland,应用,应用,0,0,0,0,0
2292,xorg-x11-server-utils,应用,其它,0,0,1,0,0
2293,xorg-x11-util-macros,应用,其它,0,0,1,0,0
2294,xorg-x11-utils,应用,其它,0,0,1,0,0
2295,xorg-x11-xauth,应用,其它,0,0,1,0,0
2296,xorg-x11-xbitmaps,应用,其它,0,0,1,0,0
2297,xorg-x11-xinit,应用,系统,0,0,-1,0,0
2298,xorg-x11-xkb-utils,应用,应用,0,0,0,0,0
2299,xrestop,应用,应用,0,0,0,0,0
2300,xsane,应用,系统,0,0,-1,0,0
2301,xsettingsd,系统,其它,0,0,1,0,0
2302,xterm,应用,核心,0,0,-1,0,0
2303,xvidcore,应用,应用,0,0,0,0,0
2304,xz,核心,核心,0,11,0,0,0
2305,yajl,应用,核心,1,0,-1,0,0
2306,yasm,应用,应用,1,0,0,0,0
2307,yelp,应用,核心,4,0,-1,0,1
2308,yelp-tools,应用,系统,0,0,-1,0,0
2309,yelp-xsl,应用,其它,0,0,1,0,0
2310,yp-tools,应用,其它,0,0,1,0,0
2311,ypbind,应用,其它,0,0,1,0,0
2312,ypserv,应用,其它,0,0,1,0,0
2313,zaf,应用,应用,0,0,0,0,0
2314,zenity,应用,系统,1,0,-1,0,0
2315,zeromq3,应用,应用,0,0,0,0,0
2316,zimg,应用,应用,0,0,0,0,0
2317,zip,应用,系统,2,0,-1,0,0
2318,zlib,核心,核心,0,53,0,0,0
2319,zsh,系统,系统,0,0,0,0,0
2320,zssh,应用,应用,0,0,0,0,0
2321,zstd,系统,核心,0,0,-1,0,2
2322,zvbi,应用,应用,0,0,0,0,0
2323,zziplib,应用,核心,0,0,-1,0,0
