name,y_true,y_predict
mingw64-gcc,工具,库
python3-jinja2,库,工具
opendnssec,库,服务
qt5-qtbase-mysql,库,工具
setroubleshoot,工具,服务
qemu-kvm-block-ssh,工具,库
kf5-kio-widgets,工具,服务
libreoffice-langpack-eu,库,工具
pptp,工具,服务
ocaml-labltk,库,工具
openblas-srpm-macros,库,服务
qatengine,工具,库
tcpdump,工具,服务
xmvn-minimal,库,工具
ucx-ib,库,服务
cups-libs,库,服务
maven-reporting-api-javadoc,工具,库
scala,工具,库
shadow-utils,工具,库
bind-utils,工具,服务
jq,工具,库
slf4j-jcl,库,工具
greenboot-default-health-checks,工具,服务
udisks2-lsm,工具,库
python3-boom,工具,库
glibc-utils,工具,库
libsss_simpleifp,库,服务
target-restore,库,服务
python38-jinja2,库,工具
libvirt-daemon-driver-nodedev,服务,库
baobab,工具,库
openldap-clients,服务,库
qt5-qtquickcontrols2,库,工具
teamd,库,服务
isomd5sum,工具,库
lm_sensors,工具,服务
deepin-fcitxconfigtool-plugin,服务,工具
opensm,工具,服务
mingw32-cpp,工具,库
cri-tools,工具,库
ipxe-bootimgs-x86,服务,其它
yum,工具,服务
evolution-data-server-langpacks,工具,服务
hyphen-nb,工具,库
mingw64-freetype-static,工具,库
cockpit-storaged,库,工具
clevis-systemd,工具,其它
bind-license,服务,其它
rubygem-typeprof,库,服务
sanlk-reset,服务,库
pkgconf-m4,工具,服务
polardb,服务,工具
usermode,工具,库
imsettings,工具,库
python3-distro,库,工具
lm_sensors-libs,工具,库
python-podman-api,库,工具
slf4j-log4j12,库,工具
git-all,工具,服务
iperf3,工具,库
git-daemon,工具,服务
maven-javadoc,工具,库
mingw32-gcc-c++,工具,库
xmvn-install,库,工具
python39-pytest,库,工具
qt5-qtdoc,库,其它
timedatex,服务,工具
mariadb,服务,工具
valgrind,工具,库
maven-source-plugin-javadoc,工具,库
keentune-bench,工具,服务
pacemaker-remote,服务,库
bind-pkcs11-libs,服务,库
cdparanoia,工具,库
booth-arbitrator,工具,服务
evolution-spamassassin,工具,服务
xorg-x11-server-Xvfb,服务,工具
qt5-qtwayland,库,工具
coreos-installer,工具,服务
volume_key,工具,库
lua-json,库,服务
git-gui,工具,服务
m17n-db,库,工具
breeze-cursor-theme,工具,其它
ocaml-hivex,库,工具
python3-dnf-plugin-post-transaction-actions,库,工具
microdnf,工具,库
mysql,服务,工具
bluez,工具,服务
maven-antrun-plugin-javadoc,工具,库
infiniband-diags,工具,服务
foomatic-db,服务,工具
python3-libnmstate,库,工具
anaconda-user-help,工具,服务
ocaml-findlib,库,工具
python3-custodia,库,工具
anolis-logos,服务,工具
lsof,工具,库
nodejs-packaging,库,服务
gnome-online-accounts,服务,库
dovecot-pgsql,库,服务
perl-XML-Twig,库,工具
pykickstart,工具,库
numatop,工具,库
sonatype-plugins-parent,库,工具
plasma-breeze-common,工具,其它
multilib-rpm-config,工具,服务
sound-theme-freedesktop,工具,服务
glusterfs-fuse,工具,服务
seahorse,工具,库
orc-compiler,库,工具
redhat-lsb,工具,服务
inkscape,工具,库
virt-top,工具,库
bind9.16-libs,库,服务
xcb-proto,库,工具
python3-samba,库,服务
nmstate-libs,库,工具
plasma-breeze,工具,服务
alsa-ucm,库,服务
eclipse-emf-runtime,工具,库
cryptsetup-libs,库,服务
sane-backends-drivers-scanners,工具,库
ipa-selinux,库,服务
c2esp,库,服务
devhelp,工具,库
cockpit,库,服务
pavucontrol,工具,库
mdadm,工具,服务
libreoffice-data,库,其它
python3-dbus-python-client-gen,库,工具
hawtjni,库,工具
openbox,工具,库
rubygem-bundler,库,服务
aardvark-dns,服务,库
krb5-pkinit,服务,工具
llvm-libs,工具,库
libcgroup,库,服务
pcp-libs,库,服务
qt5-qtmultimedia-examples,库,工具
python39-py,库,工具
libcgroup-tools,库,其它
mingw64-pcre,库,工具
accel-config,工具,库
lm_sensors-sensord,工具,服务
poppler-utils,库,工具
spec-version-maven-plugin,库,工具
numactl-libs,工具,库
python38-numpy-f2py,库,工具
softhsm,工具,库
mod_auth_mellon,库,服务
mt-st,工具,服务
arpwatch,工具,服务
selinux-policy,工具,服务
byacc,工具,库
iptables-ebtables,工具,服务
disruptor,工具,库
dnf-automatic,工具,服务
hyphen-hr,工具,库
xmvn,库,工具
redhat-lsb-cxx,工具,库
qt5-qtwebengine-examples,库,工具
redfish-finder,工具,服务
libreoffice-langpack-si,库,工具
nss_db,库,服务
python39-numpy-f2py,库,工具
maven-enforcer-javadoc,工具,库
libasan,库,服务
usbguard-selinux,库,服务
readline,库,工具
kernel-tools,其它,库
portreserve,工具,服务
hplip-gui,工具,服务
qt5-qtserialport-examples,库,服务
libreoffice-langpack-nb,库,工具
qt5-qtserialport,库,服务
maven-plugin-testing-javadoc,工具,库
xcb-util,库,工具
389-ds-base-libs,库,服务
maven-plugin-bundle-javadoc,工具,库
munge-maven-plugin-javadoc,工具,库
vinagre,工具,服务
upower-devel-docs,库,工具
transfig,工具,服务
bind-chroot,服务,工具
nss-util,库,工具
nss,库,服务
podman-plugins,工具,服务
cyrus-imapd-utils,工具,库
eclipse-ecf-runtime,工具,库
cldr-emoji-annotation,工具,其它
qt5-qtbase-common,库,服务
xorg-x11-xauth,工具,库
bogofilter,工具,库
java-1.8.0-openjdk-javadoc,库,工具
gcc-toolset-9-dyninst-static,工具,库
maven-shared-io-javadoc,工具,库
device-mapper-persistent-data,工具,库
purple-sipe,工具,服务
libvirt-daemon-driver-storage-mpath,服务,工具
gutenprint-cups,库,服务
ipcalc,工具,库
qpdf,工具,库
exec-maven-plugin-javadoc,工具,库
rhythmbox,工具,库
torque,服务,工具
hplip-common,工具,其它
libcanberra,库,服务
scap-workbench,工具,服务
pidgin-sipe,工具,服务
php-embedded,库,服务
net-snmp-utils,库,工具
texlive-lib,工具,库
xz-lzma-compat,库,工具
maven-plugin-tools-javadocs,工具,库
golang,工具,库
openscap-scanner,库,工具
clevis-udisks2,工具,服务
boom-boot-grub2,工具,库
ipset-libs,工具,库
python3-lldb,工具,库
python38-pip,库,工具
systemd-journal-remote,工具,服务
attr,工具,库
setools-gui,工具,服务
python3-nose,库,工具
postfix-pcre,工具,服务
389-ds-base-legacy-tools,工具,库
crash-ptdump-command,工具,库
hyphen-cs,工具,库
cryptsetup-reencrypt,工具,库
foomatic-db-filesystem,服务,工具
container-exception-logger,服务,库
maven-dependency-analyzer-javadoc,工具,库
llvm-googletest,工具,服务
docker,服务,工具
dbus-tools,工具,服务
glassfish-jaxb-core,库,工具
java-11-openjdk-slowdebug,库,工具
ghostscript-tools-fonts,工具,其它
libreoffice-langpack-he,库,工具
PackageKit-cron,服务,工具
rpm-sign,库,服务
ltrace,工具,库
maven-install-plugin-javadoc,工具,库
tboot,服务,工具
libkadm5,库,服务
mingw32-crt,工具,库
python2-pytest,库,工具
javacc-maven-plugin,库,工具
trace-cmd,工具,库
alsa-plugins-samplerate,服务,库
libunrar,工具,库
iptables,工具,库
libreoffice-langpack-mr,库,工具
ModemManager,库,服务
coreos-installer-bootinfra,工具,服务
postfix-sqlite,工具,服务
audit,工具,服务
ucx-rdmacm,库,服务
jss-javadoc,库,服务
java-17-openjdk-headless,库,服务
java-17-openjdk-javadoc,库,工具
byzanz,工具,服务
python3-rpm,库,工具
libknet1-crypto-nss-plugin,库,服务
osbuild-composer-core,工具,库
unicode-ucd-unihan,库,其它
qt5-qttools-static,库,工具
ctags,工具,库
torque-libs,服务,库
llvm-toolset,工具,服务
libreoffice-langpack-ss,库,工具
gedit-plugin-terminal,服务,工具
kernel-core,其它,工具
plexus-containers,库,工具
f32-backgrounds-extras-mate,工具,服务
pki-base,服务,工具
nvme-cli,工具,库
tigervnc,服务,工具
qt5-qttools-libs-designercomponents,库,工具
java-11-alibaba-dragonwell-static-libs,库,其它
dleyna-connector-dbus,库,服务
awscli,工具,库
cyrus-sasl-lib,库,服务
libvirt-docs,服务,库
scala-swing,工具,库
libvirt-client,工具,库
ipa-python-compat,库,工具
mingw32-bzip2,工具,库
os-maven-plugin,库,工具
iio-sensor-proxy,工具,服务
network-scripts-team,库,其它
setools-console-analyses,工具,库
pygobject2-codegen,库,工具
rubygem-net-telnet,库,工具
f32-backgrounds-kde,工具,服务
geoclue2,库,服务
icoutils,工具,库
cockpit-bridge,工具,库
java-11-openjdk-javadoc,库,工具
adobe-mappings-cmap-deprecated,工具,其它
virt-v2v-man-pages-ja,工具,服务
glusterfs-api,库,服务
micropipenv,工具,库
qpdf-libs,工具,库
plexus-compiler-extras,库,工具
ocaml-camlp4,库,其它
libreoffice-langpack-bn,库,工具
perl-podlators,库,服务
mysql-common,服务,工具
brasero-nautilus,工具,库
maven-resources-plugin-javadoc,工具,库
389-ds-base-snmp,工具,服务
cockpit-podman,库,工具
gpm,库,服务
rpm-ostree,工具,库
splix,库,服务
sscg,工具,库
glibc-headers,库,其它
ntpstat,工具,服务
deepin-manual,服务,工具
jetty-util,库,工具
erofs-fuse,工具,服务
libvirt-wireshark,服务,库
evolution-ews-langpacks,工具,服务
ivy-local,库,服务
dav1d,工具,库
f32-backgrounds-mate,工具,服务
ncompress,工具,库
libiscsi-utils,库,工具
libreswan,库,服务
nispor,库,工具
perl-IO-Zlib,库,工具
directory-maven-plugin,库,工具
apache-commons-parent,库,工具
opa-libopamgt,工具,库
cyrus-sasl-plain,库,服务
accountsservice-libs,库,服务
rust-std-static-wasm32-unknown-unknown,库,服务
osbuild-composer,工具,服务
antlr-manual,库,服务
qt5-rpm-macros,库,工具
libreoffice-langpack-hi,库,工具
gnome-boxes,服务,库
cdrdao,工具,库
spice-client-win-x64,工具,服务
systemtap-runtime-python3,工具,库
python3-ipalib,库,工具
sblim-gather-provider,库,服务
perl-JSON-XS,库,工具
cyrus-sasl-md5,库,服务
nfs4-acl-tools,工具,库
fpc-srpm-macros,库,其它
libreoffice-opensymbol-fonts,库,其它
git-credential-libsecret,工具,库
cyrus-sasl,库,服务
plexus-pom,库,工具
systemd-pam,其它,服务
ipa-healthcheck-core,工具,服务
ucx-cma,库,服务
ant-antlr,库,工具
php-fpm,库,服务
x3270,工具,库
mdevctl,工具,其它
clang-analyzer,工具,库
mobile-broadband-provider-info,库,其它
convmv,工具,库
subscription-manager-migration-data,工具,服务
at,工具,库
polkit-pkla-compat,库,工具
libyami,库,工具
freeipmi-ipmiseld,工具,服务
libgnomekbd,库,服务
plexus-components-pom,库,工具
GeoIP-GeoLite-data-extra,库,其它
maven-artifact-transfer-javadoc,工具,库
mlocate,工具,服务
perl-GSSAPI,库,服务
cyrus-sasl-scram,库,服务
corosync-vqsim,库,工具
man-pages,工具,库
postgresql-upgrade,服务,库
yelp-xsl,工具,服务
rubygem-test-unit,库,服务
i2c-tools-perl,工具,库
chkconfig,工具,库
skkdic,库,其它
postgresql-plpython3,库,服务
libserf,库,工具
glassfish-legal,库,工具
python38-babel,库,工具
sssd-nfs-idmap,服务,库
upower,服务,库
freeipmi,工具,服务
python3-nftables,库,工具
patch,工具,库
nautilus-extensions,工具,库
policycoreutils-newrole,工具,服务
qt5-qtgraphicaleffects,库,工具
blktrace,工具,服务
npm,库,工具
maven-cal10n-plugin,库,工具
bluez-hid2hci,工具,服务
php-dbg,库,服务
rust-srpm-macros,库,服务
f32-backgrounds-extras-kde,工具,服务
mvapich2,库,服务
system-lsb-languages,服务,库
rrdtool-perl,库,服务
sendmail,工具,服务
syslinux-extlinux-nonlinux,工具,服务
rsync-daemon,服务,工具
virt-v2v-man-pages-uk,工具,服务
jboss-parent,库,工具
pygtk2-codegen,库,工具
enca,工具,库
volume_key-libs,工具,库
nodejs-nodemon,库,工具
geoipupdate,工具,库
qt5-qtbase-odbc,库,工具
postfix-mysql,工具,服务
plexus-resources,库,工具
rust-std-static-wasm32-wasi,库,服务
maven-resolver-transport-file,工具,库
orca,库,服务
libqtermwidget5,服务,库
compat-exiv2-026,工具,库
bacula-logwatch,工具,库
teckit,工具,库
python39-pip,库,工具
nss-pam-ldapd,库,服务
espeak-ng,工具,库
conntrack-tools,工具,库
vorbis-tools,工具,库
opencl-filesystem,库,工具
maven-doxia-javadoc,工具,库
libreoffice-gdb-debug-support,库,工具
kf5-kwayland,工具,库
qt5-qtwebengine-devtools,库,服务
imsettings-xim,工具,库
elfutils-libelf-devel-static,库,工具
gupnp,库,服务
perftest,工具,库
dotnet-runtime-5.0,库,服务
geoclue2-libs,库,服务
spirv-tools,工具,库
python38-chardet,库,工具
java-1.8.0-alibaba-dragonwell-src-slowdebug,库,服务
spice-qxl-wddm-dod,库,其它
extra-cmake-modules,工具,服务
python38-py,库,工具
ocaml-srpm-macros,库,其它
hspell,工具,库
postfix-pgsql,工具,服务
freeipmi-ipmidetectd,工具,服务
setroubleshoot-plugins,工具,服务
mingw64-bzip2-static,工具,库
dwz,工具,库
kf5-kdesu,工具,服务
adwaita-qt5,库,工具
keycloak-httpd-client-install,工具,库
libtirpc,库,服务
osbuild-selinux,工具,服务
ptscotch-mpich-devel-parmetis,库,其它
fdo-rendezvous-server,工具,服务
f32-backgrounds-xfce,工具,服务
mingw32-expat,工具,库
quota,工具,库
libreoffice-langpack-hu,库,工具
zeromq3,服务,库
whois-nls,工具,服务
sqlite,库,工具
gstreamer1-plugins-good-gtk,库,工具
python2-nose,库,工具
qatlib,库,服务
dde-calendar,服务,工具
git,工具,库
netlabel_tools,工具,服务
liblsan,库,服务
jsch,工具,库
java-11-alibaba-dragonwell-src-slowdebug,库,服务
ongres-scram-client,库,工具
container-selinux,库,服务
netavark,服务,库
man-pages-overrides,工具,其它
rpcgen,工具,库
jakarta-commons-httpclient-manual,库,服务
slf4j-jdk14,库,工具
java-1.8.0-alibaba-dragonwell-src,库,服务
firefox,工具,服务
dconf,工具,服务
glusterfs-libs,库,服务
openssh-clients,工具,服务
git-email,工具,库
ntfs-3g,服务,库
mingw64-openssl,库,工具
f32-backgrounds-animated,工具,其它
libpurple,库,工具
python38-wheel,库,工具
plexus-component-factories-pom,库,工具
python3-gssapi,库,服务
GeoIP-GeoLite-data,库,其它
kernelshark,工具,库
anaconda-install-env-deps,工具,服务
qt5-qtwebchannel-examples,库,工具
gnome-control-center-filesystem,服务,库
maven-dependency-tree-javadoc,工具,库
pulseaudio-module-bluetooth,服务,库
java-1.8.0-alibaba-dragonwell-fastdebug,库,工具
libguestfs-rescue,库,工具
hplip,工具,服务
python3-hwdata,库,服务
python3-dnf-plugin-modulesync,库,工具
doxygen,工具,库
pacemaker-cts,库,工具
dos2unix,工具,库
systemtap-runtime-virthost,工具,服务
exiv2,工具,库
basesystem,服务,库
ruby-irb,库,服务
libreoffice-langpack-ar,库,工具
crypto-policies,工具,服务
spice-vdagent,库,服务
tracer-common,工具,其它
HdrHistogram,库,工具
bind9.16-chroot,服务,工具
PackageKit-gstreamer-plugin,服务,库
mingw64-expat,工具,库
anolis-logos-ipa,服务,其它
grilo-plugins,库,工具
motif,工具,库
freeradius-rest,库,服务
metis,工具,库
xrestop,工具,库
coreos-installer-dracut,工具,服务
mokutil,工具,服务
java-17-openjdk-slowdebug,库,工具
fuse-exfat,工具,库
ipa-client-common,工具,其它
ipxe-bootimgs-aarch64,服务,其它
malaga-suomi-voikko,工具,服务
graphite2,库,工具
setools,工具,服务
kdecoration,库,工具
maven-shared-incremental-javadoc,工具,库
alsa-plugins-speex,服务,库
mingw64-filesystem,工具,库
util-linux-user,工具,库
dvd+rw-tools,工具,库
openbox-kde,工具,服务
dde-api,服务,库
pki-servlet-4.0-api,服务,库
rpm-plugin-fapolicyd,库,工具
yp-tools,工具,库
containerd-stress,工具,服务
resource-agents-gcp,服务,工具
ansible-pcp,工具,其它
python3-abrt,库,工具
eclipse-emf-core,工具,库
sudo,工具,服务
opencryptoki,库,服务
rubygem-irb,库,服务
mcpp,工具,库
spice-client-win-x86,工具,服务
javapackages-local,库,工具
pam,工具,库
python39-numpy,库,工具
xsane-common,库,其它
haproxy,工具,服务
postgresql,服务,库
cockpit-pcp,库,服务
ansible-collection-microsoft-sql,工具,服务
boom-boot,工具,库
xorg-x11-apps,服务,库
pcsc-lite-ccid,库,服务
veritysetup,工具,库
startdde,工具,服务
opensc,库,工具
slapi-nis,库,服务
sane-backends-libs,工具,库
graphviz-gd,工具,库
opa-fm,工具,服务
rootfiles,服务,其它
shadow-utils-subid,工具,库
freeradius-unixODBC,库,服务
python3-dnf-plugin-versionlock,库,工具
samba-pidl,工具,服务
mingw32-filesystem,工具,库
libreoffice-langpack-ml,库,工具
vala,库,工具
rubygem-minitest,库,服务
abrt-addon-xorg,工具,服务
oddjob,工具,服务
maven-shared-utils-javadoc,工具,库
startup-notification,工具,库
polkit,库,服务
pulseaudio-utils,工具,库
omping,工具,库
python2-virtualenv,库,工具
sendmail-milter,工具,库
python3-firewall,库,工具
gnupg2-smime,工具,库
rubygem-xmlrpc,库,服务
nasm,工具,库
qemu-kvm-core,工具,库
rubygem-psych,库,服务
epel-next-release,服务,其它
jose,工具,库
maven-resolver-spi,工具,库
libquvi-scripts,库,工具
python3-pytest,库,工具
mesa-filesystem,库,工具
xml-commons-apis-manual,库,其它
pcp-system-tools,工具,服务
usermode-gtk,工具,库
memcached,服务,库
mingw64-freetype,工具,库
python3-dbus,库,工具
deepin-screen-recorder,服务,工具
maven-artifact-resolver-javadoc,工具,库
plexus-bsh-factory,库,工具
open-vm-tools-desktop,工具,库
inkscape-view,工具,库
libmalaga,工具,库
authselect-compat,工具,服务
python3-bind9.16,库,工具
plexus-interactivity-api,库,工具
maven-resolver-impl,工具,库
xorg-x11-xinit-session,服务,其它
qt5-srpm-macros,库,服务
pcs-snmp,工具,服务
libvirt-dbus,库,服务
freeradius-ldap,库,服务
libblockdev-mdraid,库,服务
osinfo-db-tools,工具,库
appstream-data,库,工具
guice-extensions,库,工具
policycoreutils-gui,工具,服务
evolution-ews,工具,服务
mariadb-connector-c,库,服务
iproute,工具,库
python39-idle,库,工具
dhcp-client,工具,服务
vdo-support,工具,库
deepin-font-manager,服务,工具
gcc-gdb-plugin,工具,库
rpm-plugin-selinux,库,服务
python3-azure-sdk,库,工具
gnome-disk-utility,服务,库
man-db,工具,服务
python3-unittest2,库,工具
ostree,工具,库
alsa-tools-firmware,工具,服务
virt-dib,库,工具
p7zip,工具,库
cracklib-dicts,库,工具
deepin-devicemanager,服务,工具
hyperv-daemons-license,服务,其它
sisu-plexus,库,工具
fwupdate-libs,库,其它
libsoup,库,服务
fontconfig,工具,服务
libreoffice-langpack-ts,库,工具
systemd,其它,服务
lua-srpm-macros,库,工具
onboard-data,工具,库
dovecot-pigeonhole,库,服务
plymouth-graphics-libs,库,工具
libreport-plugin-kerneloops,库,服务
fuse3,工具,库
log4j-slf4j,库,工具
tix,工具,服务
cryptsetup,工具,库
tuned,服务,工具
intel-gpu-tools,服务,库
plexus-build-api,库,工具
freeipmi-bmc-watchdog,工具,服务
adcli,工具,服务
abrt,库,工具
geronimo-parent-poms,库,工具
uuid,工具,库
gvfs-mtp,工具,服务
python3-qt5,库,工具
libnfsidmap,工具,库
openssl-ibmpkcs11,工具,库
gssproxy,库,服务
hyphen-be,工具,库
ctdb,库,服务
greenboot,工具,服务
git-lfs,工具,库
xorg-x11-drv-wacom,服务,库
golang-dbus,库,工具
ipset-service,工具,服务
device-mapper-libs,库,工具
ibus-wayland,工具,库
lshw,工具,库
python38-idle,库,工具
ghostscript,工具,库
clang-tools-extra,库,工具
qt5-qttranslations,库,服务
hyphen-nn,工具,库
kf5-attica,工具,库
lz4-libs,工具,库
qt5-qtlocation-examples,库,工具
mythes-lb,工具,库
mtx,工具,库
alsa-plugins-upmix,服务,库
hyphen-et,工具,库
libvirt-daemon-driver-storage-disk,服务,工具
python3-psutil,库,工具
python3-abrt-addon,库,工具
dotnet-apphost-pack-5.0,库,服务
evince,工具,库
javacc-javadoc,工具,库
subversion-gnome,库,服务
sushi,工具,库
plymouth-scripts,服务,工具
composer-cli,工具,库
dotnet-sdk-6.0-source-built-artifacts,库,其它
dotnet-build-reference-packages,库,其它
brltty-docs,库,服务
junit-manual,库,服务
iw,工具,库
java-11-alibaba-dragonwell-slowdebug,库,工具
flatpak-spawn,服务,库
emacs-nox,工具,库
lftp,工具,库
hyphen-sr,工具,库
subversion-javahl,库,工具
sane-backends,工具,服务
python39-libs,库,工具
git-clang-format,库,工具
re2c,工具,库
dirsplit,库,工具
containers-common,工具,服务
lvm2-lockd,服务,工具
postgresql-jdbc,库,工具
dbus-x11,工具,服务
maven-shade-plugin-javadoc,工具,库
perl-homedir,库,工具
kf5-karchive,工具,库
rrdtool-ruby,库,服务
NetworkManager-tui,其它,服务
qemu-kvm-ui-opengl,工具,库
java-11-openjdk-javadoc-zip,库,工具
xorg-x11-server-Xwayland,服务,工具
mythes-lv,工具,库
kpatch,工具,服务
xmvn-bisect,库,工具
star,工具,库
helm-bash-completion,服务,库
mingw32-freetype,工具,库
anolis-backgrounds,服务,工具
dnf-data,工具,库
python39-tkinter,库,工具
linuxptp,库,服务
mvapich2-psm2,库,工具
gnome-common,服务,工具
mod_fcgid,库,服务
xalan-j2,库,工具
python39-psutil,库,工具
blivet-data,库,服务
libreoffice-langpack-te,库,工具
qtxdg-tools,库,工具
libreoffice-langpack-ta,库,工具
expat,工具,库
opa-address-resolution,工具,库
docbook2X,工具,库
web-assets-filesystem,工具,库
go-srpm-macros,库,服务
python3-rpm-generators,库,工具
gtksourceview3,工具,库
fuse-common,工具,其它
bind9.16-license,服务,其它
plexus-cli,库,工具
mingw32-libpng,库,工具
kbd-legacy,工具,其它
samba-winbind-modules,服务,库
freeradius-postgresql,库,服务
iniparser,工具,库
libreoffice-langpack-pa,库,工具
python3-langtable,库,工具
ghostscript-x11,工具,库
ps_mem,工具,服务
ipmievd,工具,服务
abrt-plugin-machine-id,工具,服务
alsa-plugins-maemo,服务,库
cyrus-sasl-ntlm,库,服务
gzip,工具,服务
python3-iscsi-initiator-utils,库,工具
abrt-plugin-sosreport,工具,服务
freeradius-sqlite,库,服务
pmdk-convert,工具,库
docker-engine,工具,服务
nodejs-full-i18n,库,服务
qt5-designer,库,工具
cups-ipptool,工具,服务
helm-zsh-completion,服务,库
mesa-dri-drivers,库,工具
oceanbase-ce,服务,库
rpm-plugin-ima,库,服务
coreutils-common,工具,服务
chrpath,工具,库
xmvn-subst,库,工具
babl-devel-docs,库,工具
setools-console,工具,库
p11-kit-trust,工具,服务
sisu-mojos,库,工具
libreoffice-langpack-ve,库,工具
vdo,工具,服务
disomaster,工具,库
audispd-plugins-zos,工具,服务
rrdtool,工具,服务
dotnet-sdk-3.1-source-built-artifacts,库,其它
libqtermwidget5-data,服务,库
mrtg,工具,库
syslinux-nonlinux,工具,服务
nscd,库,服务
python3-sphinx_rtd_theme,库,其它
freeradius-mysql,库,服务
redhat-lsb-printing,工具,服务
bash,工具,服务
gnuplot,工具,库
felix-parent,库,工具
mythes-nn,工具,库
mingw32-openssl,库,工具
pcsc-lite,库,服务
cups-filesystem,服务,其它
cyrus-sasl-gssapi,库,服务
cyrus-imapd-vzic,工具,库
nss_wrapper,库,工具
qt5-qtvirtualkeyboard-examples,库,服务
eclipse-p2-discovery,工具,库
eclipse-swt,工具,库
java-1.8.0-openjdk-slowdebug,库,工具
rrdtool-tcl,库,工具
e2fsprogs,工具,库
rubygem-rake,库,服务
java-11-openjdk-headless-slowdebug,库,工具
lpsolve,工具,库
eclipse-emf-xsd,工具,库
qt5-qtwebsockets-examples,库,工具
lightdm,库,服务
epel-rpm-macros,服务,工具
quota-warnquota,工具,库
eclipse-pde,工具,服务
plexus-containers-container-default,库,工具
bind-libs,库,服务
rubygem-rdoc,库,服务
hdparm,工具,库
polkit-docs,库,服务
tss2,工具,库
ibus-kkc,工具,库
maven-invoker-javadoc,工具,库
pciutils-libs,工具,库
flite,工具,库
dnssec-trigger,工具,服务
xmvn-parent-pom,库,工具
ffmpegthumbnailer,工具,库
qt5-qtlocation,库,工具
glusterfs-rdma,库,服务
libguestfs-tools-c,库,工具
totem-pl-parser,工具,库
maven-wagon-providers,工具,库
runc,服务,库
perf,工具,服务
rdma-core,库,服务
dovecot-mysql,库,服务
platform-python-pip,库,工具
qt5-qtbase-examples,工具,库
libzip-tools,工具,库
pacemaker-nagios-plugins-metadata,服务,工具
delve,工具,库
qemu-kvm-block-rbd,工具,库
evolution,工具,服务
sos-audit,服务,工具
gcc-python-plugin,工具,库
freeradius-perl,库,服务
selinux-policy-mls,工具,服务
autotrace,工具,库
gcc-toolset-9-dyninst-testsuite,工具,库
trousers,库,工具
fcitx-gtk3,工具,服务
istack-commons,库,工具
sane-backends-daemon,工具,服务
qt5-qtquickcontrols,库,工具
stress-ng,工具,库
x3270-x11,工具,库
gnome-characters,服务,库
crash-trace-command,工具,库
pcp-testsuite,库,服务
dtkcommon,工具,库
geolite2-country,工具,其它
php-pecl-apcu,库,服务
python3-dnf-plugins-core,库,工具
f32-backgrounds-extras-gnome,工具,服务
flatpak-libs,库,服务
alsa-plugins-oss,服务,库
mod_auth_mellon-diagnostics,库,服务
publicsuffix-list-dafsa,库,其它
samba-common-tools,工具,库
weld-parent,库,工具
fdo-owner-cli,工具,服务
pinentry-gnome3,工具,服务
keentune-brain,库,工具
libreoffice-langpack-zu,库,工具
httpd-tools,服务,库
udisks2-lvm2,工具,库
iproute-tc,工具,服务
criu,工具,库
raptor2,工具,库
scap-security-guide,工具,服务
socket_wrapper,库,工具
tuned-utils,工具,服务
PackageKit-command-not-found,服务,工具
environment-modules,工具,服务
plexus-i18n,库,工具
mutter,服务,库
mod_auth_gssapi,库,服务
bpftool,工具,库
system-lsb-cxx,服务,库
pki-symkey,服务,库
pidgin,工具,服务
httpcomponents-client-cache,库,工具
inkscape-docs,工具,其它
openbox-libs,工具,库
mailcap,工具,库
tigervnc-icons,服务,工具
gnome-menus,服务,库
gnome-system-monitor,服务,库
dtc,库,工具
postfix,工具,服务
motif-static,工具,库
f32-backgrounds-gnome,工具,服务
gnome-keyring,服务,库
brltty-xw,库,服务
mod_security,库,工具
efi-filesystem,库,其它
cmake-filesystem,工具,其它
pinentry-gtk,工具,服务
syslinux-tftpboot,工具,服务
lynx,工具,服务
lightdm-qt5,库,工具
systemtap-exporter,工具,服务
qt5-linguist,库,工具
bnd-maven-plugin,库,工具
brltty-dracut,库,服务
freerdp,工具,库
nvmetcli,工具,服务
python39-Cython,库,工具
gitweb,工具,库
ocaml-runtime,库,工具
ladspa,工具,库
python2-pip,工具,库
vhostmd,服务,工具
rpm-apidocs,工具,库
plexus-archiver,库,工具
redhat-lsb-submod-multimedia,工具,服务
mingw32-sqlite,库,工具
kbd-misc,工具,其它
openscap-engine-sce,库,服务
subversion-perl,库,工具
adwaita-icon-theme,工具,服务
plexus-io,库,工具
vapoursynth-plugins,库,工具
tengine,服务,工具
xmvn-mojo,库,工具
Xaw3d,工具,库
createrepo_c,工具,库
osinfo-db,工具,服务
NetworkManager-cloud-setup,工具,服务
pcs,工具,服务
nautilus,工具,服务
libreoffice-langpack-lt,库,工具
passwd,工具,库
policycoreutils-python-utils,工具,服务
qt5-qtbase-static,库,工具
dialog,库,工具
xdp-tools,工具,库
nmap-ncat,工具,库
spice-vdagent-win-x86,库,服务
publicsuffix-list,库,服务
php-pear,库,服务
doxygen-doxywizard,工具,库
redhat-support-lib-python,库,工具
scala-apidoc,工具,其它
tpm2-abrmd-selinux,工具,服务
git-instaweb,工具,服务
policycoreutils,工具,服务
iptstate,工具,库
java-17-openjdk,库,工具
tk,库,工具
libqtxdg,库,工具
coreutils-single,工具,库
lightdm-gtk,库,服务
plexus-velocity,库,工具
bind-export-libs,库,服务
stunnel,库,服务
389-ds-base,工具,服务
alsa-sof-firmware,服务,其它
python3-freeradius,库,服务
dotnet-runtime-2.1,库,服务
libtool,库,工具
evolution-pst,工具,服务
cockpit-system,库,服务
cockpit-composer,库,服务
gedit-plugin-findinfiles,服务,库
source-highlight,工具,库
grafana-pcp,服务,工具
dde-qt5xcb-plugin,服务,工具
resource-agents,服务,工具
sisu,库,工具
grep,工具,服务
xdg-user-dirs,服务,工具
ipa-client-epn,工具,服务
qt-settings,库,服务
nftables,工具,库
amanda-libs,库,服务
python3-nispor,库,工具
audispd-plugins,工具,服务
systemtap-server,工具,服务
mingw32-pcre,库,工具
unicode-ucd,库,其它
python39-pip-wheel,库,工具
gnutls-utils,工具,库
java-1.8.0-openjdk-headless-slowdebug,库,服务
libreoffice-langpack-tn,库,工具
xbean,库,工具
python3-abrt-container-addon,库,工具
ant,工具,库
abrt-addon-coredump-helper,工具,库
quota-nls,工具,服务
device-mapper-event-libs,工具,库
qt5-qtquickcontrols2-examples,库,工具
java-1.8.0-openjdk-fastdebug,库,工具
mpv,工具,库
lua,库,工具
kf5-networkmanager-qt,工具,库
libreoffice-langpack-as,库,工具
libsmbclient,库,服务
python38-psutil,库,工具
libssh,库,服务
maven-plugin-build-helper-javadoc,工具,库
openjade,库,工具
rpm-mpi-hooks,工具,服务
kf5-rpm-macros,工具,服务
ttmkfdir,工具,库
integritysetup,工具,库
sgabios-bin,工具,其它
openssl-perl,工具,服务
apache-parent,库,工具
python3-osbuild,工具,库
qt5-qtserialbus,库,工具
libguestfs-appliance,库,工具
wireshark-cli,工具,服务
swtpm-tools-pkcs11,库,工具
modello-javadoc,工具,库
evolution-langpacks,工具,服务
ibus-table-chinese-array,工具,其它
python38-numpy,库,工具
sassist,工具,服务
ypserv,服务,工具
lvm2,工具,服务
boom-boot-conf,工具,库
initial-setup-gui,工具,服务
xcb-util-image,库,工具
cockpit-machines,库,服务
python3-ipaclient,库,工具
dotnet5.0-build-reference-packages,库,其它
ipxe-roms-qemu,服务,其它
deepin-menu,服务,工具
opa-fastfabric,工具,服务
libreoffice-langpack-cs,库,工具
f32-backgrounds-base,工具,服务
elinks,工具,服务
lzop,工具,库
php-cli,库,服务
xorg-x11-server-source,服务,其它
julietaula-montserrat-fonts,库,其它
dtkgui,工具,库
libtsan,库,服务
java-11-alibaba-dragonwell-jmods,库,其它
pacemaker,服务,工具
platform-python-setuptools,库,工具
iptraf-ng,工具,库
javapackages-tools,库,工具
rustfmt,工具,库
adobe-mappings-cmap,工具,其它
aide,工具,库
maven-resolver,工具,库
pandoc-common,库,其它
mtr-gtk,库,工具
policycoreutils-dbus,工具,服务
mcelog,工具,服务
maven-clean-plugin-javadoc,工具,库
exchange-bmc-os-info,工具,服务
plexus-sec-dispatcher,库,工具
ipa-common,工具,其它
network-manager-applet,工具,服务
pygtk2,库,工具
acl,工具,库
uuidd,其它,服务
python3-pki,服务,库
dde-qt5wayland-plugin,服务,工具
python2-docs-info,库,工具
rrdtool-lua,库,服务
velocity-manual,库,服务
maven-resolver-connector-basic,工具,库
hardlink,工具,库
unbound,工具,服务
nerdctl,工具,服务
whois,工具,服务
python39-wheel,库,工具
anaconda-widgets,工具,库
xorg-x11-xbitmaps,库,工具
logrotate,服务,库
mod_http2,库,服务
gnome-bluetooth-libs,服务,库
mailx,工具,服务
dyninst,工具,库
clufter-bin,工具,库
perl-Pod-Usage,库,服务
redhat-support-tool,库,工具
fontpackages-filesystem,工具,其它
pipewire-utils,工具,服务
rarian,工具,库
libubsan,库,服务
libquadmath,库,服务
eog,工具,服务
eclipse-equinox-osgi,工具,库
libreoffice-langpack-xh,库,工具
perl-PCP-LogImport,库,服务
freeradius-utils,库,服务
woff2,工具,库
ldapjdk,库,工具
kde-settings-plasma,工具,服务
rarian-compat,工具,库
initscripts,服务,工具
fdo-owner-onboarding-server,工具,服务
system-config-printer-udev,库,服务
libpq,库,服务
potrace,工具,库
lcms2,工具,库
dotnet-sdk-5.0-source-built-artifacts,库,其它
python36,工具,库
elfutils-devel-static,库,工具
ghostscript-tools-printing,工具,其它
chrome-gnome-shell,工具,服务
xcb-util-renderutil,库,工具
microcode_ctl,工具,服务
java-11-alibaba-dragonwell-static-libs-slowdebug,库,服务
nfs-utils,工具,服务
glx-utils,库,工具
libreoffice-langpack-sr,库,工具
unbound-libs,工具,库
xkeyboard-config,库,服务
libradosstriper1,库,服务
lftp-scripts,工具,库
qrencode-libs,工具,库
p11-kit,工具,库
glusterfs-cli,工具,库
objectweb-pom,库,工具
nss_hesiod,库,服务
rubygem-power_assert,库,服务
rubygem-bson,库,服务
open-vm-tools-sdmp,工具,服务
geolite2-city,工具,其它
mingw32-bzip2-static,工具,库
gcc-c++,工具,库
postfix-perl-scripts,工具,库
mythes-nb,工具,库
postgresql-pltcl,服务,工具
dconf-editor,工具,服务
postgresql-contrib,服务,库
maven-local,库,工具
mc,工具,库
cifs-utils,工具,服务
at-spi2-atk,工具,库
samba-common-libs,库,服务
biosdevname,工具,库
pkgconf,工具,库
bolt,服务,工具
pinentry,工具,库
swtpm-tools,库,服务
libreoffice-langpack-nso,库,工具
xsane,库,工具
xmvn-resolve,库,工具
libvirt-daemon-driver-secret,服务,库
edk2-ovmf,库,其它
usbguard-tools,工具,库
gcc-toolset-11-strace,工具,库
qemu-kvm-ui-spice,工具,服务
tracker,工具,库
evolution-mapi,工具,服务
glusterfs-client-xlators,工具,服务
gedit-plugin-wordcompletion,服务,工具
anaconda-gui,工具,服务
libsolv-tools,库,工具
byteman,工具,库
libreoffice-langpack-or,库,工具
libreoffice-langpack-kk,库,工具
sssd-winbind-idmap,服务,库
alsa-utils-alsabat,工具,库
postgresql-docs,服务,库
qt5-qtsvg-examples,库,工具
kf5-kwidgetsaddons,工具,库
gcc-toolset-9-ltrace,工具,库
skopeo,工具,服务
tog-pegasus-libs,库,服务
sgabios,工具,其它
cups-filters-libs,库,服务
prometheus-jmx-exporter-openjdk11,服务,库
libvirt-daemon-driver-storage-gluster,服务,库
elfutils-default-yama-scope,工具,其它
xorg-x11-server-Xnest,服务,库
radvd,工具,服务
squashfs-tools,工具,库
libreoffice-langpack-dz,库,其它
kwin-libs,库,工具
srp_daemon,库,服务
mariadb-common,服务,工具
zsh-html,工具,库
selinux-policy-sandbox,工具,服务
js-d3-flame-graph,库,服务
bacula-libs-sql,库,工具
ibus-table-chinese-scj,工具,其它
libcurl,库,服务
hyperv-tools,工具,库
python39-chardet,库,工具
mecab,工具,库
selinux-policy-minimum,工具,服务
sgpio,工具,库
kscreenlocker,库,工具
python3-qrcode,库,工具
httpcomponents-client,库,工具
maven-invoker-plugin-javadoc,工具,库
pinentry-emacs,工具,库
curl,工具,库
i2c-tools,工具,服务
poppler-data,库,其它
pam_cifscreds,工具,服务
dde-kwin,服务,工具
xsettingsd,服务,库
sane-frontends,工具,库
golang-bin,工具,库
papirus-icon-theme,工具,其它
maven-resolver-api,工具,库
qemu-kvm-hw-usbredir,工具,服务
lshw-gui,工具,库
apcu-panel,库,服务
maven-compiler-plugin-javadoc,工具,库
seabios-bin,工具,服务
libdwarf-tools,工具,库
prefixdevname,工具,服务
genisoimage,库,服务
re2,工具,库
xorg-x11-server-utils,服务,工具
yelp,工具,库
setserial,工具,库
dde-dock,服务,工具
NetworkManager-libreswan-gnome,库,服务
felix-gogo-shell,工具,库
maven-file-management-javadoc,工具,库
compiler-rt,工具,库
ntsysv,工具,库
python39-mod_wsgi,库,工具
plexus-compiler-pom,库,工具
httpd-filesystem,服务,工具
kde-settings-pulseaudio,工具,服务
mpich,库,工具
qemu-kvm-common,工具,库
iotop,工具,库
f32-backgrounds,工具,服务
maven-assembly-plugin-javadoc,工具,库
spice-vdagent-win-x64,库,服务
httpcomponents-project,库,工具
spausedd,库,服务
maven-dependency-plugin-javadoc,工具,库
systemd-container,工具,服务
keybinder3,工具,库
imsettings-qt,工具,库
xorg-x11-drv-wacom-serial-support,服务,库
dbus-daemon,其它,服务
libreoffice-langpack-kn,库,工具
iputils,工具,库
openssl,工具,库
gtk3,库,工具
initial-setup,工具,服务
irssi,工具,库
virtio-win,工具,其它
rsync,工具,库
python3-bind,库,工具
libreoffice-langpack-th,库,工具
sanlock,服务,库
filesystem,服务,其它
eclipse-jdt,工具,库
felix-gogo-command,工具,库
neon,库,服务
libitm,库,服务
seabios,工具,服务
xorg-x11-server-Xdmx,服务,库
udisks2-qt5,库,工具
maven-reporting-impl-javadoc,工具,库
postfix-cdb,工具,服务
mozilla-filesystem,库,其它
usbutils,工具,服务
libvirt-nss,服务,库
media-player-info,库,其它
anolis-logos-httpd,服务,其它
google-guice,库,服务
systemd-libs,库,服务
tpm2-abrmd,工具,服务
php,库,服务
brltty,库,服务
gsettings-desktop-schemas,工具,服务
gettext,工具,库
gedit-plugins-data,服务,工具
maven-hawtjni-plugin,库,工具
net-tools,工具,服务
pigz,工具,库
gcc-toolset-10-systemtap-runtime,工具,服务
nss-softokn,库,服务
fcitx-gtk2,工具,库
ibus-libpinyin,工具,库
mingw64-cpp,工具,库
vulkan-headers,库,其它
maven-common-artifact-filters-javadoc,工具,库
maven-doxia-sitetools-javadoc,工具,库
batik-util,库,工具
deepin-image-viewer,服务,工具
util-linux,工具,库
deepin-compressor,服务,工具
ntfs-3g-libs,服务,库
osbuild-composer-dnf-json,工具,服务
xterm-resize,工具,库
redhat-lsb-submod-security,工具,服务
deepin-authenticate,服务,库
evemu,工具,库
daxio,工具,库
uid_wrapper,库,工具
subversion,库,工具
lz4,工具,库
llvm-static,工具,库
clang-resource-filesystem,库,工具
esc,工具,服务
plexus-containers-component-metadata,库,工具
sgml-common,工具,服务
mingw64-crt,工具,库
munge,工具,服务
plexus-utils,库,工具
sevctl,工具,库
python3-policycoreutils,库,服务
WALinuxAgent-udev,工具,其它
libvirt-lock-sanlock,服务,库
spax,工具,库
symlinks,工具,库
ibus-devel-docs,库,其它
jsch-javadoc,工具,库
elfutils-libs,库,工具
itstool,工具,库
pki-base-java,服务,工具
plexus-compiler,库,工具
nydus-snapshotter,服务,工具
gssntlmssp,库,服务
hyphen-zu,工具,库
gdisk,工具,库
adwaita-cursor-theme,工具,服务
mingw64-bzip2,工具,库
tracker-miners,工具,库
nm-connection-editor,工具,库
slf4j-manual,库,服务
samba-winexe,服务,库
libhbalinux,库,服务
f32-backgrounds-extras-base,工具,其它
stalld,服务,工具
numactl,工具,服务
file,工具,库
kubernetes-node,服务,工具
java-11-alibaba-dragonwell-src,库,服务
maven-jar-plugin-javadoc,工具,库
mingw64-libpng,库,工具
xml-common,工具,其它
efi-srpm-macros,库,工具
python39-pybind11,库,工具
qemu-kvm-block-curl,工具,库
abrt-gui,工具,服务
python3-bcc,库,工具
targetcli,工具,服务
postfix-ldap,工具,服务
xmlsec1-gnutls,库,服务
sshpass,工具,库
deepin-anything-dkms,服务,其它
f32-backgrounds-extras-xfce,工具,服务
totem,工具,服务
corosync,服务,库
libreoffice-langpack-gu,库,工具
dropwatch,工具,库
libatomic,库,服务
thunderbird,工具,库
pg_repack,库,服务
cracklib,库,工具
java-17-openjdk-demo-slowdebug,库,工具
paps,库,服务
maven-wagon-javadoc,工具,库
plexus-ant-factory,库,工具
rar,工具,库
lorax-lmc-virt,工具,服务
alsa-plugins-usbstream,服务,库
iptables-arptables,工具,服务
dnssec-trigger-panel,工具,服务
cups-filters,库,服务
gnome-calculator,服务,库
maven-remote-resources-plugin-javadoc,工具,库
units,工具,服务
openldap,服务,库
slirp4netns,工具,库
freeradius-krb5,库,服务
cockpit-session-recording,库,服务
totem-nautilus,工具,服务
bind9.16-dnssec-utils,工具,服务
shared-mime-info,库,工具
gnome-color-manager,服务,库
mariadb-connector-c-config,库,其它
postgres-decoderbufs,库,服务
zenity,工具,库
deepin-diskmanager,服务,工具
fcitx-libs,工具,库
maven-surefire-javadoc,工具,库
nmap,工具,服务
gnome-keyring-pam,服务,库
glassfish-master-pom,库,工具
cockpit-packagekit,库,服务
xmlunit,库,工具
gnome-video-effects,服务,工具
libmcpp,工具,库
libreoffice-langpack-af,库,工具
java-1.8.0-alibaba-dragonwell-slowdebug,库,工具
mousetweaks,工具,库
rocketmq,服务,工具
usbguard-dbus,库,服务
cmake,工具,库
kf5-kconfig,工具,服务
python3-argcomplete,库,工具
galera,库,工具
apache-commons-beanutils,库,工具
OpenIPMI-lanserv,库,工具
authselect-libs,库,工具
php-pecl-rrd,库,服务
wsmancli,工具,库
swtpm,库,服务
samba-winbind-clients,工具,服务
ipa-client-samba,工具,服务
varnish-modules,库,服务
xmvn-javadoc,库,服务
cheese,工具,库
java-11-alibaba-dragonwell-jmods-slowdebug,库,服务
adobe-mappings-pdf,工具,库
sane-backends-drivers-cameras,工具,库
opencl-headers,库,其它
perl-Module-ScanDeps,库,工具
deepin-boot-maker,服务,工具
python2-tkinter,库,工具
python3-avahi,库,服务
cyrus-sasl-sql,库,服务
gvfs,工具,服务
python3-pcp,库,服务
hyphen-af,工具,库
ghc-srpm-macros,库,服务
ncurses-term,库,其它
tftp,服务,工具
felix-utils,库,工具
sblim-gather,库,服务
ipa-healthcheck,工具,服务
qemu-guest-agent,工具,服务
bison-runtime,工具,其它
python3-tkinter,库,工具
ruby,工具,库
lvm2-dbusd,服务,工具
lightdm-gtk-greeter-settings,库,工具
mingw32-freetype-static,工具,库
mod_auth_openidc,库,服务
imsettings-gsettings,工具,服务
xcb-util-cursor,库,工具
maven-script-interpreter-javadoc,工具,库
mutt,工具,库
udisks2,工具,库
dde-device-formatter,服务,工具
tigervnc-license,服务,其它
gl-manpages,库,服务
rust-analysis,工具,库
gfs2-utils,工具,服务
tlog,工具,服务
bzip2,工具,库
pacemaker-schemas,服务,工具
libreoffice-langpack-st,库,工具
ncurses-base,库,其它
spice-protocol,库,工具
device-mapper-event,工具,服务
python3-dateutil,库,工具
spice-streaming-agent,库,工具
maven-resolver-javadoc,工具,库
libreoffice-langpack-da,库,服务
alsa-plugins-arcamav,服务,库
dcraw,工具,库
powertop,工具,库
fio,工具,库
spice-gtk-tools,工具,服务
qemu-kvm,工具,服务
rpm-libs,库,工具
tomcatjss,库,工具
nss-sysinit,库,工具
qt5-qtsensors,库,工具
pmix,库,服务
samba-winbind-krb5-locator,服务,库
systemtap-initscript,工具,服务
maven-filtering-javadoc,工具,库
gnome-abrt,服务,工具
dleyna-renderer,库,服务
mod_md,库,工具
keyutils-libs,库,工具
krb5-libs,库,服务
color-filesystem,库,工具
cups-client,工具,服务
rubygem-did_you_mean,库,服务
llvm,工具,库
unrar,工具,库
evolution-data-server-perl,工具,服务
mod_security-mlogc,库,服务
python3-ldap,库,工具
brltty-espeak-ng,库,服务
fusesource-pom,库,工具
qrencode,工具,库
libreoffice-langpack-fa,库,工具
grub2-efi-ia32-modules,工具,其它
