name,y_true,y_predict,keys
389-ds-base-legacy-tools,工具,服务,"['utilities', 'tool', 'tools']"
abrt,库,服务,"['tool', 'application']"
abrt-gui-libs,库,服务,[]
abrt-libs,库,工具,[]
python3-abrt,库,服务,[]
abrt-java-connector,库,服务,['library']
accel-config,工具,库,['library']
accountsservice-libs,库,服务,"['library', 'application', 'service']"
acpica-tools,工具,服务,"['command', 'tool', 'tools', 'commands']"
adobe-mappings-cmap,工具,其它,['application']
adobe-mappings-cmap-deprecated,工具,其它,['application']
adobe-mappings-pdf,工具,其它,['application']
adwaita-qt5,库,工具,['application']
alsa-plugins-maemo,服务,库,['application']
alsa-tools-firmware,工具,服务,"['tool', 'tools']"
alsa-utils,工具,服务,"['command', 'utilities']"
amanda-client,工具,服务,[]
ansible-freeipa,工具,服务,['service']
ansible-pcp,工具,服务,['service']
ant,工具,库,"['library', 'command', 'tool', 'application']"
ant-contrib,库,工具,"['tool', 'tools']"
antlr-C++,库,工具,['library']
apache-commons-beanutils,库,其它,['utility']
apache-commons-beanutils-javadoc,库,其它,[]
apache-commons-cli,库,工具,"['library', 'command']"
apache-commons-collections,库,其它,['utilities']
apache-commons-io,库,工具,"['library', 'utility', 'utilities']"
apache-commons-lang,库,工具,"['libraries', 'utilities']"
apache-commons-lang3,库,工具,"['libraries', 'utilities']"
apache-ivy,库,其它,['tool']
apiguardian,库,其它,['application']
arpwatch,工具,服务,"['utilities', 'tool', 'tools']"
at,工具,服务,"['command', 'utility', 'tool', 'tools', 'commands']"
atinject,库,工具,"['application', 'service']"
atk,库,工具,"['library', 'tool', 'tools', 'application']"
at-spi2-core,库,服务,"['tool', 'tools', 'application']"
audit,工具,其它,"['utilities', 'tool', 'tools']"
authselect,工具,服务,['tool']
authselect-compat,工具,服务,['tool']
autoconf,工具,库,['tool']
autogen,工具,服务,['tool']
autogen-libopts,库,工具,"['library', 'command']"
automake,工具,库,['tool']
avahi-ui,库,工具,"['library', 'service']"
python3-avahi,库,工具,[]
babel,工具,库,"['tool', 'tools', 'application']"
bash,工具,服务,['command']
batik-util,库,工具,"['library', 'utility']"
python3-bcc,库,工具,[]
bcel,库,其它,"['tool', 'tools', 'application']"
bea-stax-api,库,其它,[]
beust-jcommander,库,服务,['command']
bind,服务,其它,"['library', 'tool', 'tools', 'application']"
bind-libs,库,工具,"['libraries', 'utilities']"
bind-libs-lite,库,服务,['libraries']
bind-pkcs11-libs,服务,库,['libraries']
bind-pkcs11-utils,服务,工具,"['utilities', 'tool', 'tools']"
bind9.16,服务,其它,"['library', 'tool', 'tools', 'application']"
bind9.16-utils,服务,工具,"['utilities', 'tool', 'tools']"
blktrace,工具,服务,['utility']
bluez,工具,服务,"['utilities', 'tool', 'application']"
bluez-libs,库,其它,['application']
blur-effect,库,工具,['library']
python3-boom,工具,库,"['libraries', 'tool', 'tools']"
boost-build,库,工具,['libraries']
boost-jam,库,工具,['tool']
boost-locale,库,工具,"['library', 'tool', 'tools']"
boost-numpy3,库,工具,"['library', 'tool', 'tools']"
boost-openmpi-python3,库,工具,['library']
boost-python3,库,工具,"['library', 'tool', 'tools']"
boost-regex,库,工具,['library']
brasero,工具,服务,['application']
brasero-libs,库,工具,['libraries']
brlapi,库,工具,['application']
brlapi-java,库,工具,[]
python3-brlapi,库,工具,[]
tcl-brlapi,库,工具,[]
bsh,库,服务,"['command', 'application', 'commands']"
bubblewrap,库,工具,['tool']
buildah,工具,服务,"['command', 'tool']"
byaccj,库,工具,"['command', 'tool']"
byteman,工具,服务,"['tool', 'application']"
bzip2,工具,服务,['utility']
bzip2-libs,库,其它,['application']
cal10n,库,工具,"['library', 'tool']"
cdi-api,库,工具,[]
chrpath,工具,库,['library']
clang-analyzer,工具,服务,"['command', 'tool']"
clang-tools-extra,库,工具,"['tool', 'tools']"
clufter-bin,工具,库,"['library', 'command']"
clufter-lib-ccs,库,服务,"['command', 'commands']"
clufter-lib-general,库,工具,"['command', 'commands']"
clufter-lib-pcs,库,服务,"['command', 'commands']"
clutter,库,服务,"['library', 'application']"
clutter-gst2,库,工具,['library']
clutter-gtk,库,工具,"['library', 'application']"
cogl,库,工具,"['library', 'utility']"
colord-gtk,库,工具,['library']
compat-guile18,库,工具,"['library', 'application']"
compiler-rt,工具,库,"['library', 'libraries']"
conntrack-tools,工具,服务,"['command', 'tool', 'tools']"
container-exception-logger,服务,工具,['tool']
netavark,服务,工具,"['tool', 'application']"
convmv,工具,库,['tool']
createrepo_c,工具,服务,['utilities']
crontabs,工具,服务,"['command', 'commands']"
crypto-policies-scripts,工具,服务,['tool']
cups-client,工具,服务,['command']
cups-pk-helper,库,服务,['application']
cyrus-sasl,库,服务,['library']
cyrus-sasl-gssapi,库,服务,[]
cyrus-sasl-lib,库,服务,"['library', 'libraries', 'application']"
dbusmenu-qt5,库,服务,"['library', 'application']"
dbxtool,工具,服务,[]
dde-network-utils,服务,工具,[]
dde-printer,服务,工具,['tool']
dde-session-ui,服务,工具,"['tool', 'tools', 'service']"
deepin-desktop-server,服务,其它,[]
deepin-gettext-tools,服务,工具,"['tool', 'tools']"
deepin-log-viewer,服务,工具,['tool']
deepin-picker,服务,工具,['tool']
deepin-terminal,服务,工具,['application']
libqtermwidget5,服务,库,['libraries']
libqtermwidget5-data,服务,库,['libraries']
devhelp-libs,库,工具,"['library', 'application']"
device-mapper-multipath,工具,服务,"['tool', 'tools']"
device-mapper-persistent-data,工具,服务,"['tool', 'tools']"
dhcp-client,工具,服务,[]
dialog,库,工具,['utility']
libpath_utils,库,其它,[]
djvulibre,工具,其它,['utilities']
dleyna-connector-dbus,库,工具,['service']
dleyna-core,库,工具,"['libraries', 'utility']"
dleyna-renderer,库,工具,['service']
dnf-plugins-core,工具,服务,"['command', 'commands']"
yum-utils,工具,其它,[]
dotnet-host-fxr-2.1,库,其它,"['command', 'application', 'service']"
dotnet-sdk-2.1.5xx,库,服务,"['command', 'application', 'service']"
dotnet-sdk-2.1,库,服务,"['command', 'application', 'service']"
aspnetcore-targeting-pack-3.0,库,服务,['application']
dotnet-apphost-pack-3.0,库,服务,['application']
dotnet-hostfxr-3.0,库,工具,"['command', 'application', 'service']"
dotnet-runtime-3.0,库,服务,"['libraries', 'application', 'service']"
dotnet-sdk-3.0,库,服务,"['command', 'application', 'service']"
dotnet-targeting-pack-3.0,库,服务,['application']
dotnet-templates-3.0,库,其它,"['application', 'service']"
aspnetcore-targeting-pack-3.1,库,服务,['application']
dotnet-apphost-pack-3.1,库,服务,['application']
dotnet-hostfxr-3.1,库,工具,"['command', 'application', 'service']"
dotnet-sdk-3.1,库,服务,"['command', 'application', 'service']"
dotnet-targeting-pack-3.1,库,服务,['application']
dotnet-templates-3.1,库,其它,"['application', 'service']"
aspnetcore-targeting-pack-5.0,库,服务,['application']
dotnet-apphost-pack-5.0,库,服务,['application']
dotnet-hostfxr-5.0,库,工具,"['command', 'application', 'service']"
dotnet-runtime-5.0,库,服务,"['libraries', 'application', 'service']"
dotnet-sdk-5.0,库,服务,"['command', 'application', 'service']"
dotnet-targeting-pack-5.0,库,服务,['application']
dotnet-templates-5.0,库,其它,"['application', 'service']"
aspnetcore-runtime-6.0,库,服务,"['libraries', 'application', 'service']"
aspnetcore-targeting-pack-6.0,库,服务,['application']
dotnet,库,服务,"['libraries', 'tool', 'tools', 'application', 'service']"
dotnet-apphost-pack-6.0,库,服务,['application']
dotnet-host,库,工具,"['command', 'application', 'service']"
dotnet-hostfxr-6.0,库,工具,"['command', 'application', 'service']"
dotnet-runtime-6.0,库,服务,"['libraries', 'application', 'service']"
dotnet-sdk-6.0,库,服务,"['command', 'application', 'service']"
dotnet-targeting-pack-6.0,库,服务,['application']
dotnet-templates-6.0,库,服务,"['application', 'service']"
netstandard-targeting-pack-2.1,库,服务,['application']
dpdk,库,工具,['libraries']
dracut-tools,工具,服务,"['tool', 'tools']"
driverctl,工具,其它,"['utility', 'tool']"
dtkcore,工具,服务,['tool']
dyninst,工具,服务,"['tool', 'tools', 'application']"
eclipse-p2-discovery,工具,其它,['tool']
eclipse-ecf-runtime,工具,其它,"['application', 'service']"
eclipse-emf-runtime,工具,其它,"['command', 'tool', 'tools', 'application']"
eclipse-emf-xsd,工具,库,['library']
egl-wayland,库,工具,['library']
elfutils-devel-static,库,其它,[]
elfutils-libelf,库,工具,[]
elfutils-libelf-devel-static,库,其它,[]
environment-modules,工具,服务,"['command', 'application']"
eth-tools-basic,工具,其它,"['tool', 'tools']"
eth-tools-fastfabric,工具,服务,"['tool', 'tools']"
evolution-data-server,工具,服务,[]
evolution-data-server-perl,工具,服务,['utilities']
expat,工具,库,['library']
expect,工具,服务,"['utility', 'application']"
fcitx-libs,工具,库,['libraries']
felix-gogo-command,工具,服务,"['command', 'commands']"
felix-gogo-runtime,库,服务,['command']
felix-gogo-shell,工具,服务,['command']
felix-utils,库,其它,[]
felix-utils-javadoc,库,其它,[]
fence-agents-kdump,服务,工具,['service']
fftw,库,工具,['library']
fdo-manufacturing-server,工具,服务,[]
fdo-rendezvous-server,工具,服务,[]
file-roller,工具,服务,['application']
flac,库,工具,"['library', 'command', 'tool', 'tools']"
flatpak,服务,工具,['application']
flatpak-libs,库,工具,[]
flatpak-spawn,服务,工具,"['command', 'utility', 'commands', 'service']"
flex,工具,服务,"['library', 'tool', 'application']"
fltk,库,工具,['tool']
fontconfig,工具,其它,"['library', 'application']"
forge-parent,库,其它,"['tool', 'tools']"
fprintd,服务,工具,['service']
freeradius-utils,库,工具,['utilities']
libwinpr,库,服务,['application']
fwupdate,工具,服务,['command']
fwupdate-libs,库,其它,[]
galera,库,服务,['application']
gawk,工具,服务,"['utility', 'tool']"
gcc-toolset-10-perftools,工具,库,"['tool', 'tools']"
gcc-toolset-10-dyninst,工具,其它,"['tool', 'tools', 'application']"
gcc-toolset-10-elfutils-libs,工具,库,['libraries']
gcc-toolset-10-libstdc++-docs,工具,库,['library']
gcc-toolset-10-gdb-gdbserver,工具,服务,[]
gcc-toolset-10-strace,工具,库,['tool']
gcc-toolset-10-systemtap-client,工具,库,['library']
gcc-toolset-10-valgrind,工具,服务,"['tool', 'tools']"
gcc-toolset-11-perftools,工具,库,"['tool', 'tools']"
gcc-toolset-11-elfutils-libs,工具,库,['libraries']
gcc-toolset-11-libgccjit,工具,库,"['library', 'libraries']"
gcc-toolset-11-libstdc++-docs,工具,库,['library']
gcc-toolset-11-ltrace,工具,库,"['library', 'command', 'tool']"
gcc-toolset-11-strace,工具,服务,['tool']
gcc-toolset-11-systemtap-client,工具,服务,['library']
gcc-toolset-11-systemtap-server,工具,服务,[]
gcc-toolset-11-valgrind,工具,服务,"['tool', 'tools']"
gcc-toolset-9-perftools,工具,库,"['tool', 'tools']"
gcc-toolset-9-toolchain,工具,其它,"['tool', 'application']"
gcc-toolset-9-dyninst-static,工具,库,"['library', 'libraries']"
gcc-toolset-9-elfutils-libs,工具,库,['libraries']
gcc-toolset-9-libstdc++-docs,工具,库,['library']
gcc-toolset-9-gdb-gdbserver,工具,服务,[]
gcc-toolset-9-strace,工具,库,['tool']
gcc-toolset-9-systemtap-client,工具,服务,['library']
gcc-toolset-9-valgrind,工具,服务,"['tool', 'tools']"
gcr,库,工具,['library']
gdb,工具,服务,"['command', 'commands']"
gdb-gdbserver,工具,服务,[]
gdbm,库,工具,"['library', 'application']"
gdk-pixbuf2,库,工具,"['library', 'tool']"
gdk-pixbuf2-xlib,库,工具,['library']
geoclue2-demos,库,服务,['application']
geoclue2-libs,库,服务,"['library', 'service']"
geronimo-jms,库,其它,['application']
gflags,库,工具,"['library', 'command']"
ghostscript-tools-dvipdf,工具,其它,['utility']
ghostscript-tools-fonts,工具,其它,['utilities']
ghostscript-tools-printing,工具,其它,"['utility', 'utilities']"
gimp,库,其它,"['tool', 'tools']"
gimp-devel-tools,库,工具,"['tool', 'tools']"
git,工具,库,"['command', 'tool', 'tools']"
git-all,工具,库,"['command', 'tool', 'tools']"
git-core,工具,服务,"['command', 'tool', 'tools']"
git-email,工具,服务,"['tool', 'tools']"
git-subtree,工具,服务,"['tool', 'tools']"
git-svn,工具,库,"['tool', 'tools']"
glassfish-annotation-api,库,其它,[]
glassfish-el,库,其它,"['tool', 'tools']"
glassfish-el-api,库,其它,[]
glassfish-jaxb-api,库,其它,[]
glassfish-jsp-api,库,其它,[]
glassfish-servlet-api,库,其它,[]
glibc-headers,库,其它,['libraries']
nscd,库,服务,['service']
nss_db,库,工具,['service']
nss_hesiod,库,工具,['service']
glibmm24,库,工具,['library']
glog,库,服务,"['library', 'application']"
glusterfs-api,库,服务,['library']
glusterfs-libs,库,服务,['libraries']
gnome-abrt,服务,其它,"['utility', 'application']"
gnome-autoar,服务,库,['library']
gnome-bluetooth,服务,工具,['utilities']
gnome-bluetooth-libs,服务,库,"['libraries', 'application']"
gnome-characters,服务,工具,"['utility', 'application']"
gnome-color-manager,服务,工具,"['tool', 'tools']"
gnome-control-center,服务,工具,['utilities']
gnome-control-center-filesystem,服务,其它,"['utilities', 'application']"
gnome-disk-utility,服务,工具,['application']
gnome-keyring,服务,工具,['library']
gnome-menus,服务,工具,['utility']
gnome-photos,服务,工具,['application']
gnome-screenshot,服务,工具,['utility']
gnome-settings-daemon,服务,库,['application']
gnome-shell-extension-auto-move-windows,服务,其它,['application']
gnome-shell-extension-launch-new-instance,服务,其它,['application']
gnome-software,服务,库,['application']
gnome-terminal-nautilus,服务,工具,[]
gnupg2,工具,服务,['tool']
gnutls-c++,库,服务,"['library', 'application']"
gnutls-dane,库,服务,"['library', 'application']"
gpac,库,工具,"['tool', 'tools']"
gpm,库,服务,['application']
grilo,库,工具,['library']
gspell,库,工具,"['library', 'application']"
gstreamer,库,工具,['library']
gtk2,库,服务,"['library', 'tool', 'tools', 'application']"
gtk3,库,工具,"['library', 'tool', 'tools', 'application']"
gtk-update-icon-cache,库,工具,"['utility', 'application']"
gtkmm30,库,工具,['library']
guava20,库,工具,"['libraries', 'utility']"
guava,库,工具,"['libraries', 'utility']"
guile,库,工具,"['library', 'application']"
gupnp-av,库,工具,['application']
gupnp-dlna,库,工具,['application']
gutenprint-libs-ui,库,工具,['library']
gvfs-afc,工具,服务,['application']
gvfs-afp,工具,服务,['application']
gvfs-archive,工具,服务,['application']
gvfs-fuse,工具,服务,['application']
gvfs-gphoto2,工具,服务,['application']
gvfs-mtp,工具,服务,['application']
haproxy,工具,服务,"['application', 'service']"
harfbuzz-icu,库,工具,['library']
helm,服务,其它,['tool']
hesiod,库,工具,"['libraries', 'service']"
hivex,库,工具,"['library', 'tool']"
python3-hivex,库,工具,[]
httpcomponents-client,库,工具,[]
httpcomponents-core,库,工具,['service']
httpd-tools,服务,工具,"['tool', 'tools']"
http-parser,库,工具,['application']
compat-hwloc1,库,工具,['library']
hwloc,库,服务,['application']
hwloc-gui,库,工具,['tool']
hyperv-tools,工具,其它,"['tool', 'tools']"
i2c-tools,工具,服务,"['tool', 'tools']"
i2c-tools-perl,工具,服务,"['tool', 'tools']"
emoji-picker,工具,服务,"['tool', 'application']"
icedtea-web,库,服务,['tool']
icoutils,工具,库,['libraries']
icu4j,库,工具,"['library', 'service']"
icu,库,工具,['utilities']
libicu,库,服务,"['libraries', 'service']"
imake,工具,服务,"['tool', 'tools']"
imsettings,工具,服务,"['utilities', 'application', 'service']"
imsettings-gsettings,工具,服务,['application']
imsettings-libs,工具,库,"['library', 'application']"
imsettings-qt,工具,服务,['application']
iniparser,工具,库,"['library', 'application']"
initial-setup,工具,其它,['utility']
initial-setup-gui,工具,服务,['utility']
netconsole-service,服务,工具,['service']
intel-cmt-cat,工具,服务,"['command', 'service']"
python3-ipaserver,服务,工具,"['libraries', 'service']"
python3-ipatests,工具,服务,"['tool', 'tools', 'service']"
ipa-healthcheck,工具,服务,['tool']
iperf3,工具,服务,['tool']
ipmitool,工具,服务,"['command', 'utility', 'commands']"
ipset-libs,工具,库,"['library', 'libraries']"
ipset-service,工具,服务,['service']
iptraf-ng,工具,服务,"['utility', 'application', 'service']"
iscsi-initiator-utils,服务,工具,"['command', 'utility', 'commands']"
iscsi-initiator-utils-iscsiuio,服务,工具,[]
python3-iscsi-initiator-utils,库,工具,[]
isns-utils-libs,工具,库,['library']
isorelax,库,其它,['application']
istack-commons-tools,库,其它,"['tool', 'tools']"
jack-audio-connection-kit,库,工具,['application']
jaf,库,工具,['service']
jakarta-commons-httpclient,库,服务,"['application', 'service']"
jakarta-oro,库,工具,"['library', 'libraries', 'utility']"
java-1.8.0-openjdk-devel-slowdebug,库,服务,"['tool', 'tools']"
java-1.8.0-openjdk-devel-fastdebug,库,服务,"['tool', 'tools']"
java-11-alibaba-dragonwell-static-libs,库,其它,[]
java-11-openjdk-devel-slowdebug,库,服务,"['tool', 'tools']"
java-11-openjdk-devel-fastdebug,库,服务,"['tool', 'tools']"
java-17-openjdk-devel-slowdebug,库,服务,"['tool', 'tools']"
java-17-openjdk-devel-fastdebug,库,服务,"['tool', 'tools']"
javacc,工具,服务,"['tool', 'application']"
javapackages-tools,库,工具,[]
jboss-annotations-1.2-api,库,其它,[]
jboss-interceptors-1.2-api,库,其它,[]
jboss-jaxrs-2.0-api,库,其它,[]
jboss-logging-tools,库,工具,[]
jctools,库,其它,[]
jdependency,库,工具,['library']
jetty-continuation,库,其它,['application']
jetty-http,库,其它,['application']
jetty-io,库,其它,['application']
jetty-security,库,其它,['application']
jetty-server,库,服务,['application']
jetty-servlet,库,其它,['application']
jetty-util,库,其它,['application']
jigawatts,库,工具,['utility']
jimtcl,库,工具,"['command', 'commands']"
jmc,库,工具,"['tool', 'tools', 'application']"
jmc-core,库,服务,"['tool', 'tools', 'application']"
jss,库,服务,['application']
jtidy,库,其它,['tool']
kbd,工具,服务,"['tool', 'tools']"
kdecoration,库,工具,['library']
kexec-tools,工具,服务,"['utilities', 'tool', 'tools']"
keyutils,工具,其它,[]
keyutils-libs,库,工具,"['library', 'utilities']"
kf5-frameworkintegration,工具,服务,['application']
kf5-frameworkintegration-libs,工具,库,['libraries']
kf5-kauth,工具,服务,['application']
kf5-kcrash,工具,服务,['application']
kf5-kded,工具,服务,"['application', 'service']"
kf5-kdelibs4support-libs,工具,库,['libraries']
kf5-kglobalaccel-libs,工具,库,['libraries']
kf5-kinit,工具,服务,['library']
kf5-kio-core-libs,工具,库,['libraries']
kf5-kio-file-widgets,工具,服务,['library']
kf5-kio-widgets-libs,工具,库,"['library', 'libraries']"
kf5-knewstuff,工具,服务,['application']
kf5-kservice,工具,服务,['service']
kf5-kwallet-libs,工具,库,"['libraries', 'application']"
kf5-kwayland,工具,库,"['library', 'libraries']"
kf5-networkmanager-qt,工具,服务,['library']
kf5-solid,工具,服务,['application']
kmod,工具,服务,['utilities']
krb5-libs,库,其它,['libraries']
krb5-server,服务,工具,[]
libknet1-plugins-all,库,其它,[]
ledmon,工具,其它,['application']
lensfun,库,工具,['library']
libbase,库,其它,"['library', 'libraries', 'application', 'service']"
libcanberra,库,服务,[]
libcap-ng-utils,库,其它,['application']
libcdio-paranoia,库,服务,[]
libcgroup,库,服务,['library']
libcgroup-pam,库,服务,[]
libcgroup-tools,库,服务,"['library', 'command', 'utility', 'service']"
libdwarf-tools,工具,库,"['command', 'utilities']"
libev-source,库,其它,[]
libfabric,库,服务,"['library', 'libraries', 'application', 'service']"
libformula,库,其它,['application']
libgpod,库,服务,['library']
libguestfs-appliance,库,服务,[]
libguestfs-bash-completion,库,工具,"['tool', 'tools']"
libguestfs-rescue,库,工具,"['utilities', 'tool', 'tools']"
virt-dib,库,工具,['command']
libguestfs-winsupport,库,其它,[]
libgweather,库,服务,"['library', 'service']"
libhugetlbfs-utils,库,其它,['utilities']
libical,库,服务,[]
idn2,库,工具,"['command', 'tool']"
libindicator-gtk3,库,工具,[]
libinput-utils,库,工具,"['tool', 'tools']"
libiscsi-utils,库,其它,['utilities']
xorriso,库,工具,['tool']
libkcapi,库,服务,['library']
libkkc-common,库,其它,[]
libkkc-data,库,其它,[]
liblangtag-data,库,其它,[]
liblayout,库,服务,[]
ldb-tools,库,工具,[]
libloader,库,其它,['library']
libmbim-utils,库,工具,"['command', 'utilities']"
libmediaart,库,工具,[]
libnbd-bash-completion,库,工具,[]
python3-libnbd,库,服务,[]
libogg-devel-docs,库,其它,['application']
libopenraw-gnome,库,工具,[]
libqmi-utils,库,工具,"['command', 'utilities']"
libqtxdg,库,服务,[]
qtxdg-tools,库,工具,[]
LibRaw,库,工具,"['library', 'utility']"
libreoffice-graphicfilter,库,服务,[]
libreoffice-opensymbol-fonts,库,其它,[]
libreoffice-ure-common,库,其它,[]
libreport-cli,库,工具,"['command', 'tool']"
libreport-filesystem,库,其它,[]
libreport-gtk,库,服务,[]
libreport-plugin-mailx,库,工具,[]
python3-libreport,库,工具,[]
librepository,库,其它,[]
libreswan,库,服务,"['tool', 'tools', 'service']"
libselinux-utils,库,其它,['utilities']
libserializer,库,其它,[]
libssh-config,库,其它,[]
libstoragemgmt,库,服务,"['library', 'command', 'application']"
libsvm-javadoc,库,其它,[]
tdb-tools,库,工具,"['library', 'tool', 'tools']"
network-scripts-team,库,服务,['service']
theora-tools,库,工具,"['command', 'tool', 'tools']"
libtool,库,工具,"['libraries', 'tool', 'tools']"
libvarlink-util,库,工具,"['command', 'tool', 'tools']"
libvirt,服务,库,['tool']
libvirt-client,工具,服务,"['library', 'utilities']"
libvirt-daemon-config-network,服务,库,[]
libvirt-daemon-config-nwfilter,服务,库,[]
libvirt-daemon-driver-interface,服务,库,[]
libvirt-daemon-driver-nodedev,服务,库,[]
libvirt-daemon-driver-qemu,服务,库,[]
libvirt-daemon-driver-secret,服务,库,[]
libvirt-daemon-driver-storage,服务,库,[]
libvirt-daemon-driver-storage-core,服务,其它,[]
libvirt-daemon-driver-storage-logical,服务,工具,[]
libvirt-daemon-kvm,服务,库,[]
libvirt-docs,服务,库,['library']
libvirt-lock-sanlock,服务,库,[]
voikko-tools,库,工具,"['command', 'tool', 'tools']"
libvorbis-devel-docs,库,其它,['application']
libX11-common,库,其它,[]
libzip-tools,工具,库,"['command', 'tool', 'tools']"
linuxdoc-tools,工具,服务,"['tool', 'tools']"
lksctp-tools,库,工具,"['library', 'command', 'tool', 'tools']"
lld-libs,工具,库,['libraries']
lldb,工具,库,['libraries']
python3-lldb,工具,库,[]
llvm-libs,工具,库,['libraries']
llvm-static,工具,库,['libraries']
llvm-toolset,工具,服务,"['tool', 'tools']"
lm_sensors,工具,服务,"['tool', 'tools']"
lm_sensors-libs,工具,库,"['libraries', 'application']"
lockdev,库,服务,['library']
log4j12,库,其它,['tool']
log4j,库,其它,['tool']
logrotate,服务,工具,['utility']
lsof,工具,库,['utility']
lua,库,工具,['application']
lua-filesystem,库,服务,['library']
luksmeta,库,工具,"['command', 'utility']"
device-mapper,工具,服务,['utility']
device-mapper-event-libs,工具,库,['library']
lvm2,工具,服务,"['tool', 'tools']"
lz4-libs,工具,库,[]
lz4-java,库,工具,['library']
lzo-minilzo,库,工具,['application']
m4,工具,服务,"['command', 'commands']"
mailcap,工具,其它,['application']
libmalaga,工具,库,[]
malaga,工具,服务,['application']
man-db,工具,服务,"['tool', 'tools']"
man-pages,工具,库,['library']
mariadb,服务,其它,['libraries']
mariadb-embedded,服务,库,"['library', 'application']"
mariadb-server-galera,服务,其它,['libraries']
mariadb-server-utils,服务,工具,"['utilities', 'application']"
mariadb-connector-c,库,服务,"['library', 'application']"
mariadb-java-client,库,其它,['application']
marisa,库,工具,"['library', 'command', 'tool', 'tools']"
matchbox-window-manager,工具,库,[]
maven-artifact-manager,工具,其它,[]
maven-lib,工具,其它,['library']
maven-doxia-logging-api,工具,其它,[]
maven-doxia-sink-api,工具,其它,[]
maven-doxia-sitetools,工具,其它,[]
maven-invoker,工具,其它,['command']
maven-plugin-testing-tools,工具,服务,"['tool', 'tools']"
maven-test-tools,工具,其它,[]
maven-plugin-tools,工具,库,"['tool', 'tools']"
maven-plugin-tools-annotations,工具,其它,"['tool', 'tools']"
maven-plugin-tools-api,工具,其它,[]
maven-plugin-tools-java,工具,其它,[]
maven-reporting-api,工具,其它,[]
maven-resolver-api,工具,其它,['application']
maven-resolver-util,工具,其它,['utility']
maven-resolver,工具,库,['library']
maven-resolver-test-util,工具,其它,['utility']
maven-script-interpreter,工具,其它,['utilities']
maven-shared-utils-javadoc,工具,其它,[]
maven-wagon-provider-api,工具,其它,[]
mc,工具,库,['application']
mcelog,工具,服务,['utility']
libmcpp,工具,库,['library']
mcpp,工具,库,['library']
mcstrans,服务,其它,['utilities']
mdadm,工具,服务,"['tool', 'tools']"
meanwhile,库,工具,"['library', 'service']"
memkind,库,工具,['library']
mesa-libglapi,库,工具,[]
glx-utils,库,工具,['utilities']
mesa-libGLU,库,工具,"['library', 'utility']"
meson,工具,其它,"['tool', 'tools']"
microcode_ctl,工具,其它,[]
mingw32-crt,工具,库,['libraries']
mingw64-crt,工具,库,['libraries']
mingw32-freetype-static,工具,库,['library']
mingw64-freetype-static,工具,库,['library']
mingw32-gettext,库,工具,"['library', 'libraries', 'utilities']"
mingw32-gettext-static,库,工具,['library']
mingw64-gettext,库,工具,"['library', 'libraries', 'utilities']"
mingw64-gettext-static,库,工具,['library']
mingw32-glib2,库,工具,['library']
mingw64-glib2,库,工具,['library']
mingw32-gstreamer1,库,工具,['library']
mingw64-gstreamer1,库,工具,['library']
mingw32-harfbuzz,库,工具,['library']
mingw32-harfbuzz-static,库,工具,['library']
mingw64-harfbuzz,库,工具,['library']
mingw64-harfbuzz-static,库,工具,['library']
mingw32-headers,库,服务,[]
mingw64-headers,库,服务,[]
mingw32-icu,库,工具,"['library', 'libraries']"
mingw64-icu,库,工具,"['library', 'libraries']"
mingw32-libffi,库,工具,['library']
mingw64-libffi,库,工具,['library']
mingw32-libpng,库,工具,['library']
mingw32-libtiff,库,工具,['library']
mingw64-libtiff,库,工具,['library']
mingw32-openssl,库,工具,"['libraries', 'tool', 'tools']"
mingw64-openssl,库,工具,"['libraries', 'tool', 'tools']"
mingw32-pcre,库,工具,['library']
mingw32-pcre-static,库,工具,['library']
mingw64-pcre,库,工具,['library']
mingw64-pcre-static,库,工具,['library']
mingw32-pixman,库,工具,['library']
mingw64-pixman,库,工具,['library']
mingw32-pkg-config,库,工具,"['library', 'tool']"
mingw64-pkg-config,库,工具,"['library', 'tool']"
mingw32-readline,库,工具,"['library', 'command', 'tool', 'tools', 'commands']"
mingw64-readline,库,工具,"['library', 'command', 'tool', 'tools', 'commands']"
mingw32-sqlite,库,工具,"['library', 'libraries', 'tool', 'tools']"
mingw32-sqlite-static,库,工具,['library']
mingw64-sqlite,库,工具,"['library', 'libraries', 'tool', 'tools']"
mingw64-sqlite-static,库,工具,['library']
mingw32-termcap,库,工具,"['library', 'libraries', 'tool', 'tools']"
mingw64-termcap,库,工具,"['library', 'libraries', 'tool', 'tools']"
mlocate,工具,服务,['utility']
mod_auth_gssapi,库,服务,['service']
mod_auth_mellon,库,服务,['service']
mod_intercept_form_submit,库,工具,['application']
mod_lookup_identity,库,工具,['application']
mod_security,库,服务,['application']
modello,工具,其它,['tool']
ModemManager,库,服务,"['application', 'service']"
motif,工具,服务,"['libraries', 'application']"
motif-static,工具,库,['libraries']
mrtg,工具,库,['tool']
mtools,工具,服务,"['utilities', 'tool', 'tools']"
mtr-gtk,库,服务,['tool']
mt-st,工具,服务,['tool']
mtx,工具,库,['libraries']
multilib-rpm-config,工具,服务,"['tool', 'tools']"
munge,工具,服务,['service']
mutter,服务,工具,['tool']
mysql,服务,其它,['libraries']
mysql-server,服务,其它,['libraries']
nbdkit-basic-filters,工具,库,['libraries']
nbdkit-basic-plugins,工具,库,"['libraries', 'command']"
nbdkit-server,工具,服务,[]
ncurses,库,工具,"['library', 'utilities', 'tool']"
nerdctl,工具,服务,[]
netcf,库,服务,['library']
netlabel_tools,工具,服务,"['tool', 'tools']"
net-snmp,库,服务,"['library', 'libraries', 'command', 'utilities', 'tool', 'tools']"
net-snmp-utils,库,工具,['utilities']
nettle,库,服务,"['library', 'tool', 'application']"
net-tools,工具,服务,"['tool', 'tools']"
NetworkManager-cloud-setup,工具,服务,['tool']
newt,库,工具,['library']
libnfsidmap,工具,库,[]
nmstate-libs,库,其它,[]
nodejs,库,服务,['application']
nodejs-nodemon,库,服务,"['command', 'application']"
nodejs-packaging,库,服务,"['utilities', 'application']"
nss,库,其它,"['libraries', 'application']"
nss-softokn-freebl,库,工具,['library']
nss-sysinit,库,其它,['application']
nss-util,库,工具,[]
nss-pam-ldapd,库,服务,['service']
ntfs-3g-libs,服务,库,"['libraries', 'application']"
ntfsprogs,服务,工具,"['library', 'libraries', 'utilities']"
numactl-libs,工具,库,"['library', 'libraries', 'application']"
python3-numpy-f2py,库,服务,[]
python38-numpy-f2py,库,服务,[]
python39-numpy-f2py,库,服务,[]
nvmetcli,工具,服务,['command']
ocaml,库,工具,"['library', 'tool', 'tools']"
ocaml-compiler-libs,库,服务,"['libraries', 'application']"
ocaml-cppo,库,工具,"['library', 'tool', 'tools']"
ocaml-findlib,库,服务,[]
ocaml-labltk,库,工具,['library']
ocaml-ocamlbuild,库,工具,"['libraries', 'tool']"
oci-seccomp-bpf-hook,库,服务,"['library', 'application']"
oddjob,工具,服务,"['application', 'service']"
ongres-scram-client,库,工具,[]
opa-address-resolution,工具,服务,"['library', 'tool', 'tools']"
opa-fastfabric,工具,服务,"['tool', 'tools']"
opa-libopamgt,工具,库,"['library', 'application']"
opa-fm,工具,服务,"['tool', 'tools', 'application']"
openbox-libs,工具,库,['libraries']
opencl-headers,库,其它,[]
opencryptoki-icsftok,库,服务,['libraries']
opencryptoki-tpmtok,库,服务,['libraries']
opencv-contrib,库,服务,['library']
opendnssec,库,服务,['library']
openhpi,库,服务,"['library', 'tool', 'tools']"
OpenIPMI,库,服务,"['library', 'tool', 'tools']"
OpenIPMI-lanserv,库,工具,[]
openjade,库,服务,"['command', 'application']"
openjpeg2-devel-docs,库,其它,['application']
openjpeg2-tools,库,工具,"['command', 'tool', 'tools']"
openldap,服务,库,"['libraries', 'tool', 'tools', 'application', 'service']"
openmpi,库,服务,"['library', 'application']"
opensc,库,服务,"['library', 'libraries', 'utilities', 'application']"
openscap,库,工具,['libraries']
openscap-engine-sce,库,工具,"['command', 'commands']"
openslp,库,服务,"['application', 'service']"
opensm,工具,服务,"['utilities', 'tool', 'tools']"
opensm-libs,库,工具,"['libraries', 'utilities']"
openssh,服务,工具,"['command', 'commands']"
openssh-askpass,服务,工具,"['command', 'commands']"
openssh-clients,工具,服务,"['command', 'application', 'commands']"
pam_ssh_agent_auth,服务,工具,['service']
opentest4j,库,工具,"['libraries', 'tool', 'tools']"
openwsman-client,库,工具,['libraries']
orc,库,工具,"['library', 'tool', 'tools']"
orca,库,服务,"['tool', 'application', 'service']"
python3-osbuild,工具,库,[]
osbuild-composer,工具,服务,['service']
osinfo-db-tools,工具,库,"['tool', 'tools']"
ostree,工具,服务,"['library', 'tool', 'tools']"
owasp-java-encoder,库,其它,['tool']
p11-kit-server,服务,工具,"['command', 'tool', 'tools', 'commands']"
pacemaker-libs,库,服务,"['libraries', 'tool', 'tools']"
PackageKit-command-not-found,服务,工具,['command']
PackageKit-gstreamer-plugin,服务,库,['application']
PackageKit-gtk3-module,库,服务,['application']
pam,工具,库,"['library', 'tool', 'application']"
pandoc,库,工具,"['library', 'command', 'tool', 'tools']"
pango,库,服务,"['library', 'tool']"
pangomm,库,工具,['library']
papi,库,工具,[]
parfait,库,工具,"['library', 'libraries']"
pcp-parfait-agent,库,服务,"['command', 'application']"
patch,工具,服务,"['command', 'application']"
pciutils-libs,工具,其它,['library']
pcm,库,服务,"['tool', 'tools', 'application']"
pcp-export-pcp2elasticsearch,服务,工具,"['tool', 'tools']"
pcp-export-pcp2influxdb,服务,工具,"['tool', 'tools']"
pcp-export-pcp2json,服务,库,"['tool', 'tools']"
pcp-export-pcp2spark,服务,库,"['tool', 'tools']"
pcp-import-collectl2pcp,服务,工具,"['tool', 'tools']"
pcp-import-iostat2pcp,服务,库,"['tool', 'tools']"
pcp-system-tools,工具,服务,"['tool', 'tools']"
perl-PCP-LogImport,库,服务,"['tool', 'tools']"
perl-PCP-MMV,库,服务,"['tool', 'tools']"
perl-PCP-PMDA,库,服务,['application']
python3-pcp,库,服务,"['tool', 'tools']"
pcsc-lite,库,服务,"['command', 'tool', 'tools', 'application']"
pentaho-libxml,库,工具,"['library', 'utility']"
pentaho-reporting-flow-engine,库,其它,['library']
perl-Mail-SPF,库,服务,[]
perl-Mozilla-LDAP,库,服务,[]
perl-Term-Cap,库,服务,[]
php-cli,库,工具,['command']
php-embedded,库,服务,"['library', 'application']"
php-intl,库,服务,"['library', 'application']"
php-ldap,库,服务,"['application', 'service']"
php-mbstring,库,工具,['application']
php-odbc,库,服务,['application']
php-pdo,库,工具,['application']
php-snmp,库,工具,['application']
php-xmlrpc,库,服务,['application']
php-pecl-rrd,库,工具,['tool']
pki-acme,服务,工具,['service']
pki-base,服务,工具,"['libraries', 'utilities']"
pki-server,服务,工具,"['libraries', 'utilities']"
python3-pki,服务,库,['library']
pki-servlet-4.0-api,服务,工具,[]
plexus-archiver,库,其它,"['tool', 'tools', 'application']"
plexus-build-api,库,其它,[]
plexus-classworlds,库,其它,['application']
plexus-cli,库,工具,"['tool', 'tools', 'application']"
plexus-component-api,库,其它,[]
plexus-containers,库,其它,"['tool', 'tools', 'application']"
plexus-i18n,库,其它,"['tool', 'tools', 'application']"
plexus-interactivity,库,其它,"['tool', 'tools', 'application']"
plexus-interactivity-api,库,其它,[]
plexus-resources,库,其它,"['tool', 'tools', 'application']"
plexus-utils,库,其它,"['tool', 'tools', 'application']"
plexus-utils-javadoc,库,其它,[]
plexus-velocity,库,其它,['application']
librpmem,库,服务,['library']
pmempool,库,工具,"['libraries', 'utility', 'utilities', 'application']"
pmreorder,库,服务,"['command', 'tool']"
po4a,工具,库,"['tool', 'tools']"
podman,工具,服务,"['command', 'tool', 'tools', 'commands']"
podman-docker,工具,服务,"['command', 'commands']"
policycoreutils-dbus,工具,其它,[]
python3-policycoreutils,库,工具,[]
polkit,库,工具,['tool']
poppler-utils,库,工具,"['utilities', 'tool', 'tools']"
popt,库,工具,"['library', 'command', 'utility']"
portreserve,工具,服务,"['utility', 'service']"
postfix-perl-scripts,工具,库,['utilities']
potrace,工具,库,['utility']
powertop,工具,其它,['tool']
pptp,工具,服务,['service']
ps_mem,工具,其它,['tool']
python2,工具,服务,[]
python2-tkinter,库,工具,[]
python2-tools,工具,服务,"['tool', 'tools']"
python2-pip,工具,库,['tool']
python2-setuptools,工具,库,"['tool', 'tools']"
python3-idle,库,服务,[]
python36,工具,服务,"['library', 'libraries', 'command', 'application']"
python38-idle,库,服务,[]
python39-idle,库,服务,[]
python38-pip,库,服务,['tool']
python39-pip,库,服务,['tool']
python38-setuptools,工具,服务,"['tool', 'tools']"
python39-setuptools,工具,服务,"['tool', 'tools']"
python3-coverage,库,服务,"['library', 'tool', 'tools']"
python3-docutils,库,工具,"['library', 'command', 'tool', 'tools']"
python3-ethtool,库,工具,['tool']
python3-nose,库,服务,[]
platform-python-pip,库,其它,['tool']
python-podman-api,库,工具,[]
python3-psutil,库,工具,"['command', 'utilities', 'tool', 'tools']"
python38-psutil,库,工具,"['command', 'utilities', 'tool', 'tools']"
python39-psutil,库,工具,"['command', 'utilities', 'tool', 'tools']"
python3-pycurl,库,工具,[]
python3-qt5-base,库,服务,[]
target-restore,库,服务,['service']
python3-schedutils,库,工具,[]
platform-python-setuptools,库,其它,"['tool', 'tools']"
python3-setuptools,工具,其它,"['tool', 'tools']"
python3-systemd,库,工具,[]
python3-virtualenv,库,服务,['tool']
python3-wheel,库,服务,[]
python38-wheel,库,服务,[]
python39-wheel,库,服务,"['command', 'tool', 'tools']"
python39-pyyaml,库,工具,[]
qatlib,库,服务,"['library', 'libraries', 'service']"
qatzip,库,服务,"['library', 'service']"
qgnomeplatform,库,工具,['application']
qpdf,工具,服务,"['library', 'command', 'tool', 'tools']"
qpdf-libs,工具,库,['library']
qrencode-libs,工具,库,"['library', 'libraries', 'application']"
qt5-qt3d,库,服务,['application']
qt5-qtbase,库,服务,"['tool', 'tools', 'application']"
qt5-qtbase-gui,库,工具,['libraries']
qt5-qtimageformats,库,服务,['library']
qt5-designer,库,服务,['application']
qt5-doctools,库,服务,"['tool', 'tools']"
qt5-qttools,库,工具,[]
qt5-qttools-libs-designer,库,工具,['library']
qt5-qttools-libs-designercomponents,库,服务,['library']
qt5-qttools-libs-help,库,服务,['library']
qt5-qtwebchannel,库,服务,"['library', 'application']"
qt5-qtwebengine-devtools,库,其它,"['tool', 'tools']"
qt5-qtx11extras,库,服务,['library']
quota-nls,工具,其它,"['tool', 'tools']"
ibacm,库,服务,"['library', 'application']"
librdmacm-utils,库,其它,['library']
rdma-core,库,工具,"['libraries', 'utility']"
re2,工具,库,['library']
readline,库,工具,"['library', 'command', 'commands']"
redhat-lsb,工具,服务,"['libraries', 'utilities', 'application']"
redhat-lsb-cxx,工具,服务,"['libraries', 'application']"
redhat-support-lib-python,库,工具,"['library', 'service']"
redhat-support-tool,库,工具,['service']
resource-agents,服务,工具,['service']
rest,库,服务,"['library', 'service']"
resteasy,库,工具,"['application', 'service']"
rhythmbox,工具,库,['application']
rpm-apidocs,工具,库,"['libraries', 'application']"
rpm-build-libs,工具,库,['libraries']
rpmdevtools,工具,服务,"['libraries', 'tool']"
rrdtool,工具,服务,[]
rrdtool-lua,库,工具,['tool']
rrdtool-perl,库,服务,['tool']
rrdtool-ruby,库,工具,['tool']
rrdtool-tcl,库,工具,['tool']
rsyslog-crypto,服务,工具,"['command', 'tool']"
rsyslog-gnutls,服务,库,['library']
rsyslog-gssapi,服务,工具,[]
rsyslog-openssl,服务,库,['library']
rubberband,库,工具,"['library', 'utility']"
rubygem-net-telnet,库,服务,['command']
rubygem-rake,库,其它,['utility']
ruby-libs,库,服务,[]
rubygem-bundler,库,服务,"['utilities', 'application']"
rubygem-rss,库,工具,"['library', 'libraries', 'tool', 'service']"
rubygem-diff-lcs,库,工具,"['utilities', 'tool']"
rls,库,工具,"['tool', 'tools']"
rust-analysis,工具,库,['library']
rust-src,库,工具,"['library', 'tool', 'tools']"
rust-std-static-wasm32-unknown-unknown,库,服务,"['library', 'libraries', 'application']"
rust-std-static-wasm32-wasi,库,服务,"['library', 'libraries', 'application']"
rust-toolset,工具,其它,"['tool', 'tools']"
ctdb,库,工具,['application']
samba-client-libs,库,服务,['libraries']
samba-common-libs,库,服务,['libraries']
samba-common-tools,工具,服务,"['tool', 'tools']"
samba-winbind,服务,工具,"['library', 'tool', 'tools']"
samba-winbind-krb5-locator,服务,工具,['library']
sane-backends,工具,服务,['application']
sane-backends-libs,工具,库,"['libraries', 'application']"
satyr,库,工具,"['library', 'tool']"
sblim-wbemcli,库,工具,['command']
scala-swing,工具,库,"['library', 'application']"
scap-security-guide,工具,其它,['tool']
scl-utils,工具,其它,['utility']
python3-scons,工具,库,"['utility', 'tool']"
sed,工具,服务,['command']
sendmail-milter,工具,库,['library']
python3-setools,工具,库,"['command', 'tool', 'tools']"
setools-console,工具,库,"['libraries', 'command', 'tool', 'tools']"
setools-console-analyses,工具,库,"['libraries', 'command', 'tool', 'tools']"
setools-gui,工具,库,"['command', 'tool', 'tools']"
sg3_utils-libs,工具,其它,['library']
shadow-utils-subid,工具,库,['library']
sip,库,工具,"['library', 'libraries', 'tool']"
si-units,库,工具,['library']
smartmontools,工具,服务,"['utility', 'utilities', 'tool', 'tools']"
soundtouch,库,工具,"['library', 'command', 'utility', 'tool', 'tools', 'application']"
speech-dispatcher,库,服务,['application']
speex,库,工具,['application']
speexdsp,库,工具,['application']
spice-parent,库,工具,['libraries']
sqlite,库,工具,['library']
squashfs-tools,工具,库,['utilities']
srt-libs,库,服务,['libraries']
sssd,服务,工具,['service']
sssd-tools,服务,工具,"['utility', 'tool', 'tools']"
strace,工具,服务,['tool']
stunnel,库,服务,['application']
subversion-tools,工具,服务,"['tool', 'tools']"
python3-subversion,工具,库,['libraries']
swig,库,工具,['tool']
swig-gdb,库,工具,"['command', 'commands']"
swtpm-tools,库,工具,[]
sysfsutils,工具,其它,['utilities']
syslinux,工具,服务,['tool']
syslinux-nonlinux,工具,库,['tool']
systemd-container,工具,服务,"['tool', 'tools']"
systemd-libs,库,其它,['libraries']
systemtap-client,工具,服务,['library']
systemtap-exporter,工具,服务,['service']
systemtap-server,工具,服务,[]
tagsoup,库,其它,"['tool', 'tools', 'application']"
tcl,库,工具,"['command', 'tool', 'application']"
teckit,工具,库,"['library', 'tool', 'application']"
texinfo-tex,工具,服务,"['tool', 'tools']"
texlive,工具,服务,['libraries']
texlive-knuth-lib,工具,库,['library']
texlive-lib,工具,库,['libraries']
texlive-lua-alt-getopt,工具,服务,"['command', 'application']"
texlive-metafont,工具,服务,"['tool', 'tools']"
texlive-pstricks,工具,服务,"['command', 'commands']"
texlive-tetex,工具,库,['application']
texlive-xetex,工具,服务,"['libraries', 'service']"
texlive-xmltex,工具,服务,"['command', 'commands']"
tinycdb,库,工具,"['library', 'utility']"
tix,工具,服务,['application']
tk,库,工具,"['tool', 'application']"
tog-pegasus-libs,库,服务,['libraries']
torque-libs,服务,库,"['library', 'libraries']"
totem-pl-parser,工具,库,['library']
tpm-quote-tools,工具,库,"['tool', 'tools']"
tpm-tools,工具,库,"['tool', 'tools']"
tpm-tools-pkcs11,工具,服务,"['tool', 'tools']"
python3-tracer,工具,库,"['command', 'application', 'service']"
tracker,工具,服务,['tool']
tracker-miners,工具,服务,['tool']
trousers,库,服务,['application']
tuned-utils,工具,其它,['utilities']
tzdata-java,服务,其它,[]
ucx,库,服务,"['library', 'libraries', 'application']"
udisks2,工具,库,"['libraries', 'tool', 'tools']"
js-uglify,库,工具,"['library', 'tool']"
uid_wrapper,库,工具,['application']
python3-unbound,工具,库,[]
unbound,工具,服务,['application']
unbound-libs,工具,服务,"['libraries', 'application']"
unique,库,工具,"['library', 'command', 'application']"
unit-api,库,工具,['library']
libunrar,工具,库,['library']
unzip,工具,服务,['utility']
upower,服务,工具,"['command', 'tool', 'tools']"
urlview,工具,服务,['command']
usbguard,库,服务,['tool']
usbguard-notifier,库,服务,['tool']
libblkid,库,其它,['library']
vala,库,服务,"['libraries', 'application']"
valgrind,工具,服务,"['tool', 'tools']"
vapoursynth-tools,库,工具,"['tool', 'tools']"
varnish,库,服务,['application']
vdo,工具,服务,"['tool', 'tools']"
velocity,库,工具,"['utility', 'application', 'service']"
vmaf,库,工具,"['tool', 'tools']"
volume_key-libs,工具,库,['library']
vte291,库,工具,['library']
vulkan-headers,库,其它,[]
vulkan-tools,库,工具,"['tool', 'tools']"
wget,工具,服务,['utility']
whois-nls,工具,其它,"['tool', 'tools']"
woff2,工具,库,['library']
x264,库,工具,['library']
x265,库,工具,['command']
x3270-text,工具,服务,['application']
xalan-j2,库,服务,['command']
xapian-core,库,服务,"['tool', 'application']"
Xaw3d,工具,库,['application']
xcb-util,库,工具,"['library', 'libraries']"
xcb-util-cursor,库,工具,"['library', 'libraries']"
xcb-util-image,库,工具,['library']
xcb-util-keysyms,库,工具,['library']
xcb-util-renderutil,库,工具,['library']
xcb-util-wm,库,工具,"['library', 'libraries']"
xdelta,工具,库,['library']
xdg-utils,工具,其它,"['utilities', 'application']"
xdp-tools,工具,服务,[]
xhtml1-dtds,工具,服务,['application']
xmlgraphics-commons,库,工具,['library']
xmlrpc-c-client++,库,工具,"['library', 'libraries']"
xmlrpc-c-client,库,工具,"['library', 'libraries']"
xmlsec1,库,工具,['library']
xmlsec1-gcrypt,库,工具,"['library', 'service']"
xmlsec1-gnutls,库,服务,"['library', 'service']"
xmlsec1-nss,库,工具,"['library', 'service']"
xmvn-api,库,其它,[]
xmvn-bisect,库,其它,['tool']
xmvn-mojo,库,其它,['command']
xmvn-resolve,库,其它,['tool']
xmvn-subst,库,其它,['tool']
xorg-sgml-doctools,工具,其它,"['tool', 'tools']"
xorg-x11-apps,服务,库,['application']
intel-gpu-tools,服务,工具,"['tool', 'tools']"
xorg-x11-server-Xdmx,服务,工具,"['utilities', 'application']"
xorg-x11-server-Xephyr,服务,工具,"['tool', 'application']"
xorg-x11-server-Xnest,服务,库,"['tool', 'application']"
xorg-x11-server-utils,服务,工具,['utilities']
xorg-x11-utils,工具,其它,['utilities']
xorg-x11-xbitmaps,库,其它,['application']
xsane,库,工具,['library']
xvidcore,库,工具,['application']
xz-lzma-compat,库,工具,"['command', 'commands']"
xz-java,库,其它,[]
yp-tools,工具,库,"['tool', 'tools']"
zeromq3,服务,库,"['library', 'application']"
zip,工具,服务,"['command', 'utility', 'commands']"
zsh-html,工具,服务,['command']
zstd,库,工具,['library']
zvbi,其它,库,['library']
zziplib-utils,库,工具,"['library', 'utilities', 'tool', 'tools']"
