idx,name,y_true,y_predict
0,GConf2,库,服务
1,GeoIP,库,服务
2,GeoIP-GeoLite-data,库,库
3,HdrHistogram_c,工具,库
4,Judy,其它,库
5,LibRaw,库,库
6,ModemManager,工具,服务
7,NetworkManager,服务,服务
8,NetworkManager-libreswan,库,其它
9,OpenEXR,库,库
10,OpenIPMI,库,工具
11,PackageKit,库,服务
12,PyYAML,库,服务
13,SDL,库,库
14,WALinuxAgent,服务,服务
15,Xaw3d,工具,工具
16,aajohan-comfortaa-fonts,其它,其它
17,abattis-cantarell-fonts,其它,其它
18,abrt,工具,工具
19,abrt-java-connector,库,库
20,accel-config,工具,服务
21,accountsservice,库,服务
22,acl,工具,服务
23,acpica-tools,工具,服务
24,acpid,服务,服务
25,adcli,工具,工具
26,adobe-mappings-cmap,工具,工具
27,adobe-mappings-pdf,工具,库
28,adwaita-icon-theme,服务,其它
29,adwaita-qt,库,其它
30,alsa-firmware,服务,服务
31,alsa-lib,库,工具
32,alsa-plugins,工具,工具
33,alsa-sof-firmware,服务,服务
34,alsa-tools,工具,服务
35,alsa-utils,工具,库
36,amanda,工具,工具
37,anaconda,工具,服务
38,anaconda-user-help,工具,工具
39,anolis-logos,服务,服务
40,anolis-release,服务,其它
41,ansible-core,工具,服务
42,ansible-freeipa,工具,工具
43,ant,其它,库
44,aom,库,工具
45,apache-commons-cli,其它,其它
46,apache-commons-codec,其它,库
47,apache-commons-collections,其它,工具
48,apache-commons-compress,其它,其它
49,apache-commons-io,其它,库
50,apache-commons-jxpath,其它,库
51,apache-commons-lang3,其它,其它
52,apache-commons-logging,其它,库
53,apache-commons-net,其它,其它
54,appstream-data,库,其它
55,apr,库,服务
56,apr-util,工具,工具
57,arpwatch,工具,服务
58,asciidoc,工具,工具
59,aspell,工具,工具
60,aspell-en,工具,库
61,at,工具,服务
62,at-spi2-atk,工具,工具
63,at-spi2-core,工具,工具
64,atk,库,工具
65,atkmm,库,库
66,atlas,工具,库
67,attr,工具,服务
68,audit,工具,服务
69,augeas,服务,服务
70,authselect,工具,服务
71,autoconf,工具,工具
72,autoconf-archive,库,其它
73,autofs,服务,服务
74,autogen,工具,库
75,automake,工具,工具
76,autotrace,工具,工具
77,avahi,服务,服务
78,awscli,工具,服务
79,babel,工具,工具
80,babeltrace,工具,服务
81,babl,库,库
82,bacula,工具,工具
83,baobab,工具,工具
84,basesystem,服务,服务
85,bash,工具,工具
86,bash-completion,工具,其它
87,bc,工具,工具
88,bcc,工具,库
89,bind,服务,服务
90,bind9.16,服务,服务
91,binutils,工具,库
92,biosdevname,工具,服务
93,bison,库,工具
94,bitmap-fonts,其它,服务
95,blktrace,工具,服务
96,bluez,工具,服务
97,blur-effect,库,库
98,bogofilter,工具,库
99,bolt,服务,服务
100,boom-boot,工具,服务
101,boost,库,工具
102,booth,工具,服务
103,bpftrace,工具,其它
104,brasero,工具,库
105,breeze-icon-theme,其它,其它
106,brltty,工具,工具
107,brotli,库,工具
108,bubblewrap,库,服务
109,byteman,工具,工具
110,byzanz,工具,工具
111,bzip2,工具,服务
112,c-ares,库,库
113,c2esp,库,服务
114,ca-certificates,工具,其它
115,cachefilesd,服务,服务
116,cairo,库,工具
117,cairomm,库,库
118,cdparanoia,库,库
119,cdrdao,工具,库
120,cdrkit,库,库
121,celt051,库,库
122,ceph,服务,工具
123,certmonger,工具,服务
124,chan,工具,库
125,check,工具,工具
126,checkpolicy,工具,库
127,cheese,工具,工具
128,chkconfig,工具,服务
129,chrome-gnome-shell,工具,其它
130,chrony,服务,服务
131,chrpath,工具,服务
132,cifs-utils,工具,服务
133,cim-schema,服务,服务
134,cjose,库,工具
135,clang,其它,其它
136,cldr-emoji-annotation,工具,工具
137,clevis,工具,工具
138,cloud-init,其它,库
139,clucene,工具,工具
140,clufter,工具,服务
141,clutter,库,工具
142,clutter-gst2,库,其它
143,clutter-gst3,库,其它
144,clutter-gtk,库,工具
145,cmake,工具,工具
146,cockpit,库,服务
147,cockpit-appstream,库,工具
148,cockpit-composer,库,工具
149,cockpit-session-recording,库,其它
150,codemodel,库,其它
151,cogl,库,工具
152,color-filesystem,库,其它
153,colord,服务,服务
154,colord-gtk,库,库
155,compat-libtiff3,库,库
156,conntrack-tools,工具,服务
157,container-exception-logger,工具,工具
158,containerd,服务,服务
159,convmv,工具,工具
160,copy-jdk-configs,工具,工具
161,coreutils,工具,工具
162,corosync,库,服务
163,corosync-qdevice,服务,服务
164,cpio,工具,服务
165,cppcheck,工具,库
166,cppunit,工具,库
167,cracklib,库,服务
168,crash,工具,库
169,crash-gcore-command,工具,其它
170,crash-ptdump-command,工具,库
171,crash-trace-command,工具,库
172,crda,服务,服务
173,createrepo_c,工具,工具
174,cronie,服务,服务
175,crontabs,工具,服务
176,crypto-policies,工具,工具
177,cryptsetup,工具,服务
178,cscope,工具,工具
179,ctags,工具,工具
180,culmus-fonts,其它,其它
181,cups,服务,服务
182,cups-filters,库,库
183,cups-pk-helper,库,其它
184,curl,工具,工具
185,cyrus-imapd,库,服务
186,cyrus-sasl,库,库
187,dav1d,库,工具
188,dbus,其它,服务
189,dbus-c++,库,库
190,dbus-glib,库,库
191,dbus-python,库,服务
192,dbusmenu-qt,其它,其它
193,dbxtool,工具,服务
194,dconf,工具,服务
195,dconf-editor,工具,工具
196,dcraw,工具,库
197,dde,其它,其它
198,dde-account-faces,其它,其它
199,dde-api,库,其它
200,dde-calendar,其它,其它
201,dde-clipboard,其它,其它
202,dde-control-center,其它,其它
203,dde-daemon,其它,其它
204,dde-device-formatter,其它,库
205,dde-dock,其它,其它
206,dde-file-manager,其它,其它
207,dde-kwin,其它,其它
208,dde-launcher,其它,其它
209,dde-network-utils,其它,其它
210,dde-polkit-agent,其它,其它
211,dde-printer,其它,其它
212,dde-qt-dbus-factory,其它,其它
213,dde-qt5integration,其它,其它
214,dde-qt5platform-plugins,其它,库
215,dde-server-industry-config,其它,其它
216,dde-session-shell,其它,其它
217,dde-session-ui,其它,其它
218,deepin-anything,其它,库
219,deepin-authenticate,其它,其它
220,deepin-boot-maker,其它,其它
221,deepin-calculator,其它,其它
222,deepin-compressor,其它,其它
223,deepin-default-settings,其它,其它
224,deepin-desktop-base,其它,其它
225,deepin-desktop-schemas,其它,其它
226,deepin-devicemanager,其它,服务
227,deepin-diskmanager,其它,工具
228,deepin-editor,其它,其它
229,deepin-fcitxconfigtool-plugin,其它,库
230,deepin-font-manager,其它,其它
231,deepin-gettext-tools,其它,其它
232,deepin-gtk-theme,其它,其它
233,deepin-icon-theme,其它,其它
234,deepin-image-viewer,其它,其它
235,deepin-log-viewer,其它,工具
236,deepin-manual,其它,服务
237,deepin-menu,其它,其它
238,deepin-picker,其它,其它
239,deepin-pw-check,其它,其它
240,deepin-reader,其它,其它
241,deepin-screen-recorder,其它,其它
242,deepin-shortcut-viewer,其它,其它
243,deepin-sound-theme,其它,其它
244,deepin-system-monitor,其它,其它
245,deepin-terminal,其它,工具
246,deepin-turbo,其它,其它
247,deepin-wallpapers,其它,其它
248,dejagnu,工具,服务
249,dejavu-fonts,其它,其它
250,desktop-file-utils,工具,其它
251,devhelp,工具,工具
252,device-mapper-multipath,工具,其它
253,device-mapper-persistent-data,库,服务
254,dhcp,服务,服务
255,dialog,库,工具
256,diffstat,工具,服务
257,diffutils,工具,工具
258,ding-libs,库,库
259,disomaster,工具,其它
260,djvulibre,工具,工具
261,dleyna-connector-dbus,服务,服务
262,dleyna-core,库,库
263,dleyna-renderer,服务,服务
264,dleyna-server,服务,服务
265,dlm,库,服务
266,dmidecode,工具,服务
267,dnf,工具,服务
268,dnf-plugins-core,工具,其它
269,dnssec-trigger,工具,服务
270,docbook-dtds,库,库
271,docbook-style-dsssl,库,工具
272,docbook-style-xsl,库,工具
273,docbook-utils,工具,工具
274,docbook2X,工具,工具
275,docker,其它,服务
276,dos2unix,工具,服务
277,dosfstools,工具,服务
278,dotconf,库,服务
279,dotnet,服务,服务
280,dotnet3.0,服务,服务
281,dotnet3.1,服务,服务
282,dotnet5.0,服务,服务
283,dotnet6.0,服务,服务
284,dovecot,库,工具
285,doxygen,工具,库
286,dpa-ext-gnomekeyring,工具,其它
287,dpdk,库,库
288,dracut,工具,服务
289,drpm,库,工具
290,dtkcore,工具,其它
291,dtkgui,工具,其它
292,dtkwidget,工具,其它
293,dump,工具,工具
294,dvd+rw-tools,工具,其它
295,dwz,工具,服务
296,dyninst,工具,工具
297,e2fsprogs,工具,服务
298,ed,工具,工具
299,edk2,库,工具
300,efi-rpm-macros,库,服务
301,efibootmgr,工具,服务
302,efivar,服务,服务
303,egl-wayland,库,其它
304,elfutils,工具,服务
305,elinks,工具,工具
306,emacs,工具,工具
307,enchant,库,工具
308,enchant2,库,库
309,enscript,工具,工具
310,environment-modules,库,服务
311,eog,工具,库
312,epel-aliyuncs-release,服务,服务
313,epel-release,服务,服务
314,epel-rpm-macros,库,服务
315,esc,工具,工具
316,espeak-ng,工具,库
317,eth-tools,工具,服务
318,ethtool,工具,服务
319,evemu,库,服务
320,evince,工具,工具
321,evolution,工具,工具
322,evolution-data-server,工具,其它
323,evolution-ews,工具,工具
324,evolution-mapi,工具,工具
325,exempi,库,库
326,exiv2,工具,库
327,expat,工具,服务
328,expect,工具,服务
329,extra-cmake-modules,库,其它
330,f32-backgrounds,其它,其它
331,faad2,库,库
332,fabtests,库,库
333,fapolicyd,服务,服务
334,farstream02,库,库
335,fcitx,工具,其它
336,fcitx-configtool,工具,工具
337,fcitx-qt5,库,工具
338,fcoe-utils,工具,工具
339,fence-agents,工具,工具
340,fence-virt,服务,服务
341,ffmpeg,库,工具
342,ffmpegthumbnailer,工具,工具
343,fftw,库,库
344,fido-device-onboard,工具,服务
345,file,工具,工具
346,file-roller,工具,其它
347,filesystem,服务,服务
348,findutils,工具,服务
349,fio,工具,服务
350,fipscheck,库,工具
351,firefox,工具,工具
352,firewalld,服务,服务
353,flac,库,库
354,flatpak,服务,服务
355,flatpak-builder,工具,服务
356,flex,工具,工具
357,fltk,库,工具
358,flute,库,其它
359,fontawesome-fonts,其它,其它
360,fontconfig,工具,工具
361,fontforge,工具,工具
362,fontpackages,工具,工具
363,fonts-tweak-tool,工具,工具
364,foomatic,服务,工具
365,foomatic-db,库,其它
366,fpc-srpm-macros,库,库
367,fprintd,服务,服务
368,freeglut,库,工具
369,freeimage,库,库
370,freeipmi,库,服务
371,freerdp,库,库
372,freetype,库,工具
373,frei0r-plugins,库,库
374,fribidi,库,工具
375,frr,服务,服务
376,fstrm,库,服务
377,fuse,工具,服务
378,fuse-overlayfs,工具,其它
379,fuse-sshfs,工具,其它
380,fwupd,服务,服务
381,fwupdate,工具,服务
382,fxload,工具,服务
383,gamin,库,服务
384,gavl,库,库
385,gawk,工具,工具
386,gc,库,库
387,gcab,库,服务
388,gcc,工具,库
389,gcc-toolset-10,工具,工具
390,gcc-toolset-10-annobin,工具,工具
391,gcc-toolset-10-binutils,工具,服务
392,gcc-toolset-10-dwz,工具,工具
393,gcc-toolset-10-dyninst,工具,工具
394,gcc-toolset-10-elfutils,工具,服务
395,gcc-toolset-10-gcc,工具,其它
396,gcc-toolset-10-gdb,工具,工具
397,gcc-toolset-10-ltrace,工具,工具
398,gcc-toolset-10-make,工具,工具
399,gcc-toolset-10-strace,工具,工具
400,gcc-toolset-10-systemtap,工具,工具
401,gcc-toolset-10-valgrind,工具,库
402,gcc-toolset-11,工具,工具
403,gcc-toolset-11-annobin,工具,工具
404,gcc-toolset-11-binutils,工具,服务
405,gcc-toolset-11-dwz,工具,工具
406,gcc-toolset-11-dyninst,工具,工具
407,gcc-toolset-11-elfutils,工具,服务
408,gcc-toolset-11-gcc,工具,其它
409,gcc-toolset-11-gdb,工具,工具
410,gcc-toolset-11-ltrace,工具,工具
411,gcc-toolset-11-make,工具,工具
412,gcc-toolset-11-strace,工具,工具
413,gcc-toolset-11-systemtap,工具,工具
414,gcc-toolset-11-valgrind,工具,库
415,gcc-toolset-9,工具,工具
416,gcc-toolset-9-annobin,工具,工具
417,gcc-toolset-9-binutils,工具,服务
418,gcc-toolset-9-dwz,工具,工具
419,gcc-toolset-9-dyninst,工具,工具
420,gcc-toolset-9-elfutils,工具,服务
421,gcc-toolset-9-gcc,工具,其它
422,gcc-toolset-9-gdb,工具,工具
423,gcc-toolset-9-ltrace,工具,工具
424,gcc-toolset-9-make,工具,工具
425,gcc-toolset-9-strace,工具,工具
426,gcc-toolset-9-systemtap,工具,工具
427,gcc-toolset-9-valgrind,工具,库
428,gcr,库,工具
429,gd,库,库
430,gdb,工具,服务
431,gdbm,库,工具
432,gdisk,工具,服务
433,gdk-pixbuf2,库,库
434,gdm,其它,服务
435,gedit,工具,工具
436,gedit-plugins,工具,库
437,gegl,库,库
438,gegl04,库,库
439,genwqe-tools,工具,服务
440,geoclue2,库,服务
441,geocode-glib,库,库
442,gettext,工具,工具
443,gfbgraph,库,服务
444,gflags,库,库
445,gfs2-utils,工具,服务
446,ghc-srpm-macros,库,其它
447,ghostscript,工具,工具
448,giflib,库,库
449,gimp,其它,工具
450,gio-qt,库,库
451,git,工具,工具
452,git-lfs,库,库
453,gjs,库,工具
454,glade,工具,工具
455,glib-networking,库,库
456,glib2,库,库
457,glibc,库,服务
458,glibmm24,库,库
459,glog,库,库
460,glusterfs,服务,服务
461,gmp,库,库
462,gnome-abrt,其它,其它
463,gnome-autoar,其它,其它
464,gnome-bluetooth,其它,工具
465,gnome-boxes,其它,其它
466,gnome-calculator,其它,其它
467,gnome-characters,其它,其它
468,gnome-color-manager,其它,其它
469,gnome-common,其它,其它
470,gnome-control-center,其它,其它
471,gnome-desktop3,其它,其它
472,gnome-disk-utility,其它,其它
473,gnome-font-viewer,其它,其它
474,gnome-getting-started-docs,其它,其它
475,gnome-initial-setup,其它,其它
476,gnome-keyring,其它,其它
477,gnome-logs,其它,其它
478,gnome-menus,其它,其它
479,gnome-online-accounts,其它,库
480,gnome-online-miners,其它,其它
481,gnome-photos,其它,其它
482,gnome-remote-desktop,其它,其它
483,gnome-screenshot,其它,其它
484,gnome-session,其它,其它
485,gnome-settings-daemon,其它,其它
486,gnome-shell,其它,其它
487,gnome-shell-extensions,其它,其它
488,gnome-software,其它,其它
489,gnome-system-monitor,其它,其它
490,gnome-terminal,其它,其它
491,gnome-themes-standard,其它,其它
492,gnome-tweaks,其它,其它
493,gnome-user-docs,其它,其它
494,gnome-video-effects,其它,其它
495,gnu-free-fonts,其它,其它
496,gnupg2,工具,服务
497,gnuplot,工具,库
498,gnutls,库,服务
499,go-srpm-macros,库,其它
500,gobject-introspection,库,工具
501,golang,其它,工具
502,golang-dbus,其它,服务
503,golang-github-axgle-mahonia,其它,其它
504,golang-github-cryptix-wav,其它,其它
505,golang-github-davecgh-go-spew,其它,其它
506,golang-github-disintegration-imaging,其它,其它
507,golang-github-fogleman-gg,其它,其它
508,golang-github-fsnotify-fsnotify,其它,其它
509,golang-github-gosexy-gettext,其它,其它
510,golang-github-kelvins-sunrisesunset,其它,其它
511,golang-github-lofanmi-pinyin,其它,其它
512,golang-github-mattn-go-sqlite3,其它,其它
513,golang-github-mozillazg-pinyin,其它,其它
514,golang-github-msteinert-pam,其它,其它
515,golang-github-nfnt-resize,其它,其它
516,golang-github-rickb777-date,其它,其它
517,golang-github-stretchr-testify,其它,其它
518,golang-gopkg-alecthomas-kingpin,其它,其它
519,golang-x-image,其它,其它
520,golang-x-text,其它,其它
521,golang-x-xerrors,其它,其它
522,gom,其它,工具
523,google-api-python-client,其它,库
524,google-crosextra-caladea-fonts,其它,其它
525,google-crosextra-carlito-fonts,其它,其它
526,google-droid-fonts,其它,其它
527,google-noto-fonts,其它,其它
528,google-roboto-slab-fonts,其它,其它
529,gpac,库,库
530,gperf,工具,工具
531,gpgme,库,库
532,gpm,库,工具
533,grafana,工具,其它
534,grafana-pcp,库,其它
535,graphite2,服务,工具
536,graphviz,工具,工具
537,greenboot,工具,库
538,grep,工具,工具
539,grilo,库,库
540,grilo-plugins,库,库
541,groff,工具,服务
542,grub2,服务,服务
543,grubby,工具,服务
544,gsettings-desktop-schemas,其它,其它
545,gsettings-qt,库,其它
546,gsl,库,库
547,gsm,库,库
548,gsound,库,库
549,gspell,库,工具
550,gssdp,服务,服务
551,gssntlmssp,库,其它
552,gssproxy,库,服务
553,gstreamer1,库,库
554,gstreamer1-plugins-bad-free,库,库
555,gstreamer1-plugins-base,库,库
556,gstreamer1-plugins-good,库,库
557,gstreamer1-plugins-ugly-free,库,库
558,gtk-vnc,工具,工具
559,gtk2,库,工具
560,gtk3,库,工具
561,gtkmm24,库,库
562,gtkmm30,库,库
563,gtksourceview3,工具,工具
564,gtkspell,工具,工具
565,gtkspell3,工具,工具
566,guile,库,工具
567,gupnp,库,服务
568,gupnp-av,库,库
569,gupnp-dlna,库,库
570,gupnp-igd,库,其它
571,gutenprint,库,工具
572,gvfs,工具,服务
573,gzip,工具,服务
574,hardlink,工具,服务
575,harfbuzz,库,工具
576,hdparm,工具,服务
577,hesiod,库,库
578,hexchat,工具,工具
579,hicolor-icon-theme,工具,其它
580,highlight,工具,库
581,hostname,工具,服务
582,hplip,工具,服务
583,hspell,工具,工具
584,htmlcxx,库,库
585,http-parser,库,库
586,httpd,其它,服务
587,hunspell,库,工具
588,hunspell-af,库,库
589,hunspell-ak,库,库
590,hunspell-am,库,库
591,hunspell-ar,库,库
592,hunspell-as,库,库
593,hunspell-ast,库,库
594,hunspell-az,库,库
595,hunspell-be,库,库
596,hunspell-ber,库,库
597,hunspell-bg,库,库
598,hunspell-bn,库,库
599,hunspell-br,库,库
600,hunspell-ca,库,库
601,hunspell-cop,库,库
602,hunspell-csb,库,库
603,hunspell-cv,库,库
604,hunspell-cy,库,库
605,hunspell-da,库,库
606,hunspell-de,库,库
607,hunspell-dsb,库,库
608,hunspell-el,库,库
609,hunspell-en,库,库
610,hunspell-eo,库,库
611,hunspell-es,库,库
612,hunspell-et,库,库
613,hunspell-eu,库,库
614,hunspell-fa,库,库
615,hunspell-fj,库,库
616,hunspell-fo,库,库
617,hunspell-fr,库,库
618,hunspell-fur,库,库
619,hunspell-fy,库,库
620,hunspell-ga,库,库
621,hunspell-gd,库,库
622,hunspell-gl,库,库
623,hunspell-grc,库,库
624,hunspell-gu,库,库
625,hunspell-gv,库,库
626,hunspell-haw,库,库
627,hunspell-hi,库,库
628,hunspell-hil,库,库
629,hunspell-hr,库,库
630,hunspell-hsb,库,库
631,hunspell-ht,库,库
632,hunspell-hu,库,库
633,hunspell-hy,库,库
634,hunspell-ia,库,库
635,hunspell-id,库,库
636,hunspell-is,库,库
637,hunspell-it,库,库
638,hunspell-kk,库,库
639,hunspell-km,库,库
640,hunspell-kn,库,库
641,hunspell-ko,库,库
642,hunspell-ku,库,库
643,hunspell-ky,库,库
644,hunspell-la,库,库
645,hunspell-lb,库,库
646,hunspell-ln,库,库
647,hunspell-lt,库,库
648,hunspell-mai,库,库
649,hunspell-mg,库,库
650,hunspell-mi,库,库
651,hunspell-mk,库,库
652,hunspell-ml,库,库
653,hunspell-mn,库,库
654,hunspell-mos,库,库
655,hunspell-mr,库,库
656,hunspell-ms,库,库
657,hunspell-mt,库,库
658,hunspell-nds,库,库
659,hunspell-ne,库,库
660,hunspell-nl,库,库
661,hunspell-no,库,库
662,hunspell-nr,库,库
663,hunspell-nso,库,库
664,hunspell-ny,库,库
665,hunspell-oc,库,库
666,hunspell-om,库,库
667,hunspell-or,库,库
668,hunspell-pa,库,库
669,hunspell-pl,库,库
670,hunspell-pt,库,库
671,hunspell-qu,库,库
672,hunspell-quh,库,库
673,hunspell-ro,库,库
674,hunspell-ru,库,库
675,hunspell-rw,库,库
676,hunspell-sc,库,库
677,hunspell-se,库,库
678,hunspell-shs,库,库
679,hunspell-si,库,库
680,hunspell-sk,库,库
681,hunspell-sl,库,库
682,hunspell-smj,库,库
683,hunspell-so,库,库
684,hunspell-sq,库,库
685,hunspell-sr,库,库
686,hunspell-ss,库,库
687,hunspell-st,库,库
688,hunspell-sv,库,库
689,hunspell-sw,库,库
690,hunspell-ta,库,库
691,hunspell-te,库,库
692,hunspell-tet,库,库
693,hunspell-th,库,库
694,hunspell-ti,库,库
695,hunspell-tk,库,库
696,hunspell-tl,库,库
697,hunspell-tn,库,库
698,hunspell-tpi,库,库
699,hunspell-ts,库,库
700,hunspell-uk,库,库
701,hunspell-ur,库,库
702,hunspell-uz,库,库
703,hunspell-ve,库,库
704,hunspell-vi,库,库
705,hunspell-wa,库,库
706,hunspell-xh,库,库
707,hunspell-yi,库,库
708,hunspell-zu,库,库
709,hwdata,服务,服务
710,hwinfo,工具,工具
711,hwloc,库,服务
712,hyphen,库,工具
713,hyphen-as,工具,工具
714,hyphen-bg,工具,工具
715,hyphen-bn,工具,工具
716,hyphen-ca,工具,工具
717,hyphen-cy,工具,工具
718,hyphen-da,工具,工具
719,hyphen-de,工具,工具
720,hyphen-el,工具,工具
721,hyphen-es,工具,工具
722,hyphen-eu,工具,工具
723,hyphen-fa,工具,工具
724,hyphen-fo,工具,工具
725,hyphen-fr,工具,工具
726,hyphen-ga,工具,工具
727,hyphen-gl,工具,工具
728,hyphen-grc,工具,工具
729,hyphen-gu,工具,工具
730,hyphen-hi,工具,工具
731,hyphen-hsb,工具,工具
732,hyphen-hu,工具,工具
733,hyphen-ia,工具,工具
734,hyphen-id,工具,工具
735,hyphen-is,工具,工具
736,hyphen-it,工具,工具
737,hyphen-kn,工具,工具
738,hyphen-ku,工具,工具
739,hyphen-lt,工具,工具
740,hyphen-mi,工具,工具
741,hyphen-ml,工具,工具
742,hyphen-mn,工具,工具
743,hyphen-mr,工具,工具
744,hyphen-nl,工具,工具
745,hyphen-or,工具,工具
746,hyphen-pa,工具,工具
747,hyphen-pl,工具,工具
748,hyphen-pt,工具,工具
749,hyphen-ro,工具,工具
750,hyphen-ru,工具,工具
751,hyphen-sa,工具,工具
752,hyphen-sk,工具,工具
753,hyphen-sl,工具,工具
754,hyphen-sv,工具,工具
755,hyphen-ta,工具,工具
756,hyphen-te,工具,工具
757,hyphen-tk,工具,工具
758,hyphen-uk,工具,工具
759,i2c-tools,工具,库
760,ibus,工具,工具
761,ibus-hangul,工具,工具
762,ibus-kkc,工具,工具
763,ibus-libpinyin,工具,工具
764,ibus-libzhuyin,工具,工具
765,ibus-m17n,工具,工具
766,ibus-sayura,工具,工具
767,ibus-table,工具,工具
768,ibus-table-chinese,工具,工具
769,ibus-typing-booster,工具,工具
770,icedtea-web,库,其它
771,icoutils,工具,工具
772,icu,库,服务
773,iio-sensor-proxy,工具,工具
774,ilmbase,库,库
775,ima-evm-utils,库,库
776,imlib2,工具,其它
777,imsettings,工具,库
778,iniparser,工具,库
779,initial-setup,工具,工具
780,initscripts,服务,服务
781,intel-cmt-cat,工具,服务
782,intltool,工具,工具
783,iotop,工具,工具
784,ipcalc,工具,服务
785,ipmitool,工具,服务
786,iproute,库,服务
787,iprutils,工具,工具
788,ipset,工具,服务
789,iptables,工具,工具
790,iptraf-ng,工具,工具
791,iptstate,工具,工具
792,iputils,工具,服务
793,irqbalance,服务,服务
794,irssi,工具,工具
795,iscsi-initiator-utils,工具,服务
796,isl,库,库
797,isns-utils,工具,工具
798,iso-codes,工具,库
799,isomd5sum,工具,工具
800,istack-commons,库,其它
801,itstool,工具,工具
802,iw,工具,服务
803,jabberpy,库,工具
804,jack-audio-connection-kit,库,服务
805,jansson,库,服务
806,jasper,库,库
807,java-1.8.0-alibaba-dragonwell,其它,其它
808,java-1.8.0-openjdk,其它,工具
809,java-11-alibaba-dragonwell,其它,其它
810,java-11-openjdk,其它,其它
811,java-17-openjdk,其它,其它
812,java-atk-wrapper,其它,服务
813,javapackages-tools,其它,服务
814,jbig2dec,工具,工具
815,jbigkit,库,库
816,jboss-annotations-1.2-api,其它,其它
817,jboss-jaxrs-2.0-api,其它,其它
818,jboss-logging,其它,其它
819,jboss-logging-tools,其它,工具
820,jdeparser,其它,其它
821,jemalloc,库,库
822,jigawatts,库,库
823,jimtcl,工具,服务
824,jna,库,其它
825,jolokia-jvm-agent,服务,其它
826,jose,库,服务
827,jq,工具,库
828,json-c,库,库
829,json-glib,库,库
830,jvnet-parent,其它,其它
831,jxrlib,库,库
832,kabi-dw,工具,库
833,kata-containers,工具,服务
834,kbd,工具,服务
835,kde-filesystem,其它,其它
836,kde-settings,其它,其它
837,kdecoration,其它,其它
838,kdump-anaconda-addon,工具,其它
839,keepalived,工具,服务
840,kernel,其它,库
841,kexec-tools,工具,工具
842,keybinder3,工具,工具
843,keycloak-httpd-client-install,工具,服务
844,keyutils,工具,服务
845,kf5,其它,其它
846,kf5-attica,其它,其它
847,kf5-frameworkintegration,其它,其它
848,kf5-kactivities,其它,其它
849,kf5-karchive,其它,其它
850,kf5-kauth,其它,其它
851,kf5-kbookmarks,其它,其它
852,kf5-kcmutils,其它,其它
853,kf5-kcodecs,其它,其它
854,kf5-kcompletion,其它,其它
855,kf5-kconfig,其它,其它
856,kf5-kconfigwidgets,其它,其它
857,kf5-kcoreaddons,其它,其它
858,kf5-kcrash,其它,其它
859,kf5-kdbusaddons,其它,其它
860,kf5-kdeclarative,其它,其它
861,kf5-kded,其它,其它
862,kf5-kdelibs4support,其它,其它
863,kf5-kdesignerplugin,其它,其它
864,kf5-kdesu,其它,其它
865,kf5-kdoctools,其它,其它
866,kf5-kemoticons,其它,其它
867,kf5-kglobalaccel,其它,其它
868,kf5-kguiaddons,其它,其它
869,kf5-ki18n,其它,其它
870,kf5-kiconthemes,其它,其它
871,kf5-kidletime,其它,其它
872,kf5-kinit,其它,其它
873,kf5-kio,其它,其它
874,kf5-kirigami2,其它,库
875,kf5-kitemmodels,其它,其它
876,kf5-kitemviews,其它,其它
877,kf5-kjobwidgets,其它,其它
878,kf5-knewstuff,其它,其它
879,kf5-knotifications,其它,其它
880,kf5-kpackage,其它,其它
881,kf5-kparts,其它,其它
882,kf5-kplotting,其它,其它
883,kf5-kpty,其它,其它
884,kf5-kservice,其它,其它
885,kf5-ktextwidgets,其它,其它
886,kf5-kunitconversion,其它,其它
887,kf5-kwallet,其它,其它
888,kf5-kwayland,其它,其它
889,kf5-kwidgetsaddons,其它,其它
890,kf5-kwindowsystem,其它,其它
891,kf5-kxmlgui,其它,其它
892,kf5-networkmanager-qt,其它,其它
893,kf5-plasma,其它,其它
894,kf5-solid,其它,其它
895,kf5-sonnet,其它,其它
896,kf5-syntax-highlighting,其它,其它
897,kmod,工具,服务
898,kmod-kvdo,库,库
899,kpatch,工具,服务
900,krb5,服务,工具
901,kronosnet,库,服务
902,ksc,工具,库
903,kscreenlocker,库,其它
904,kwin,其它,其它
905,kyotocabinet,库,工具
906,lame,库,库
907,langtable,工具,工具
908,lapack,库,库
909,lasso,库,服务
910,latex2html,工具,工具
911,lcms2,工具,工具
912,ldns,库,工具
913,ledmon,库,服务
914,leptonica,库,库
915,less,工具,工具
916,lftp,工具,工具
917,libEMF,库,工具
918,libICE,库,工具
919,libSM,库,工具
920,libX11,库,工具
921,libXNVCtrl,库,工具
922,libXScrnSaver,库,工具
923,libXau,库,服务
924,libXaw,库,工具
925,libXcomposite,库,工具
926,libXcursor,库,工具
927,libXdamage,库,工具
928,libXdmcp,库,服务
929,libXext,库,工具
930,libXfixes,库,工具
931,libXfont2,库,工具
932,libXft,库,工具
933,libXi,库,工具
934,libXinerama,库,工具
935,libXmu,库,工具
936,libXp,库,工具
937,libXpm,库,工具
938,libXrandr,库,工具
939,libXrender,库,工具
940,libXres,库,工具
941,libXt,库,工具
942,libXtst,库,服务
943,libXv,库,库
944,libXvMC,库,库
945,libXxf86dga,库,工具
946,libXxf86misc,库,工具
947,libXxf86vm,库,库
948,libabw,库,工具
949,libaio,库,服务
950,libao,库,服务
951,libappindicator,库,工具
952,libappstream-glib,库,库
953,libarchive,库,服务
954,libass,库,库
955,libassuan,库,库
956,libasyncns,库,服务
957,libatasmart,库,服务
958,libatomic_ops,库,库
959,libavc1394,库,库
960,libbase,库,库
961,libblockdev,库,服务
962,libbpf,库,服务
963,libburn,库,库
964,libbytesize,库,库
965,libcacard,库,服务
966,libcanberra,库,服务
967,libcap,库,库
968,libcap-ng,库,工具
969,libcdio,库,工具
970,libcdio-paranoia,库,库
971,libcdr,库,工具
972,libcgroup,库,服务
973,libchardet,库,其它
974,libcmis,库,工具
975,libcomps,库,库
976,libconfig,库,服务
977,libcroco,库,工具
978,libdaemon,库,服务
979,libdatrie,库,库
980,libdazzle,库,工具
981,libdb,库,库
982,libdbusmenu,库,其它
983,libdc1394,库,库
984,libdmapsharing,库,库
985,libdmx,库,工具
986,libdnf,库,库
987,libdrm,库,库
988,libdv,库,库
989,libdvdnav,库,库
990,libdvdread,库,库
991,libdwarf,库,库
992,libeasyfc,库,服务
993,libecpg,库,工具
994,libedit,库,工具
995,libepoxy,库,工具
996,libepubgen,库,工具
997,liberation-fonts,其它,其它
998,liberation-narrow-fonts,其它,其它
999,libestr,库,服务
1000,libetonyek,库,库
1001,libev,库,服务
1002,libevdev,库,服务
1003,libevent,库,工具
1004,libexif,库,库
1005,libexttextcat,库,工具
1006,libfabric,库,服务
1007,libfastjson,库,服务
1008,libffado,库,库
1009,libffi,库,工具
1010,libfontenc,库,库
1011,libfonts,库,库
1012,libformula,库,库
1013,libfprint,库,工具
1014,libfreehand,库,工具
1015,libgcrypt,库,服务
1016,libgdata,库,服务
1017,libgdither,库,库
1018,libgee,库,库
1019,libgexiv2,库,库
1020,libgit2,库,工具
1021,libgit2-glib,库,库
1022,libglvnd,库,其它
1023,libgnomekbd,库,工具
1024,libgovirt,库,库
1025,libgpg-error,库,服务
1026,libgphoto2,库,服务
1027,libgpod,库,库
1028,libgsf,库,工具
1029,libgtop2,库,服务
1030,libgudev,库,服务
1031,libguestfs,其它,工具
1032,libgusb,库,服务
1033,libgweather,库,工具
1034,libgxim,库,库
1035,libgxps,库,工具
1036,libhangul,库,工具
1037,libhbaapi,库,服务
1038,libhbalinux,库,服务
1039,libhugetlbfs,库,服务
1040,libical,库,服务
1041,libid3tag,库,库
1042,libidn,库,工具
1043,libidn2,库,服务
1044,libiec61883,库,库
1045,libieee1284,库,库
1046,libijs,库,工具
1047,libimobiledevice,库,服务
1048,libindicator,库,工具
1049,libinput,库,服务
1050,libipt,库,工具
1051,libiptcdata,库,服务
1052,libisoburn,库,库
1053,libisofs,库,库
1054,libjpeg-turbo,库,工具
1055,libkcapi,库,服务
1056,libkeepalive,库,服务
1057,libkkc,库,工具
1058,libkkc-data,库,工具
1059,libksba,库,库
1060,liblangtag,库,库
1061,liblayout,库,库
1062,libldb,库,服务
1063,libloader,库,库
1064,liblockfile,库,库
1065,liblognorm,库,服务
1066,liblouis,库,工具
1067,libmad,库,库
1068,libmatchbox,库,工具
1069,libmaxminddb,库,工具
1070,libmbim,库,服务
1071,libmediaart,库,服务
1072,libmediainfo,库,库
1073,libmemcached,库,服务
1074,libmetalink,库,库
1075,libmfx,库,工具
1076,libmicrohttpd,库,服务
1077,libmng,库,库
1078,libmnl,库,工具
1079,libmodman,库,库
1080,libmodplug,库,工具
1081,libmodulemd,库,库
1082,libmpc,库,库
1083,libmspack,库,服务
1084,libmspub,库,工具
1085,libmtp,库,库
1086,libmusicbrainz5,库,工具
1087,libmwaw,库,工具
1088,libndp,库,服务
1089,libnet,库,服务
1090,libnetfilter_conntrack,库,工具
1091,libnetfilter_cthelper,库,库
1092,libnetfilter_cttimeout,库,库
1093,libnetfilter_queue,库,库
1094,libnfnetlink,库,工具
1095,libnftnl,库,工具
1096,libnice,库,库
1097,libnl3,库,服务
1098,libnma,库,服务
1099,libnotify,库,服务
1100,libnsl2,库,服务
1101,libnumbertext,库,工具
1102,liboauth,库,工具
1103,libodfgen,库,工具
1104,libogg,库,库
1105,libopenraw,库,库
1106,liborcus,库,工具
1107,libosinfo,库,服务
1108,libotf,库,工具
1109,libpagemaker,库,工具
1110,libpaper,库,工具
1111,libpcap,库,工具
1112,libpciaccess,库,服务
1113,libpeas,库,工具
1114,libpfm,库,工具
1115,libpinyin,库,工具
1116,libpipeline,库,服务
1117,libplist,库,服务
1118,libpng,库,库
1119,libpng12,库,库
1120,libpq,库,服务
1121,libproxy,库,库
1122,libpsl,库,工具
1123,libpsm2,库,服务
1124,libpst,库,工具
1125,libpwquality,库,库
1126,libqb,库,服务
1127,libqmi,库,服务
1128,libqrtr-glib,库,其它
1129,libqtxdg,库,库
1130,libquvi,库,工具
1131,libquvi-scripts,库,工具
1132,libqxp,库,工具
1133,librabbitmq,库,工具
1134,libraw1394,库,库
1135,librdkafka,库,服务
1136,librelp,库,服务
1137,libreoffice,库,工具
1138,libreoffice-voikko,库,工具
1139,librepo,库,库
1140,libreport,库,其它
1141,librepository,库,库
1142,libreswan,库,服务
1143,librevenge,库,工具
1144,librhsm,库,服务
1145,librsvg2,库,工具
1146,libsamplerate,库,库
1147,libseccomp,库,服务
1148,libsecret,库,工具
1149,libselinux,库,库
1150,libsemanage,库,服务
1151,libsepol,库,服务
1152,libserializer,库,库
1153,libshout,库,库
1154,libsigc++20,库,库
1155,libsigsegv,库,库
1156,libsmbios,库,服务
1157,libsmi,库,工具
1158,libsndfile,库,库
1159,libsolv,库,工具
1160,libsoup,库,库
1161,libspectre,库,工具
1162,libspiro,库,库
1163,libsrtp,库,库
1164,libssh,库,工具
1165,libstaroffice,库,工具
1166,libstemmer,库,工具
1167,libstoragemgmt,库,服务
1168,libsvm,库,其它
1169,libtalloc,库,服务
1170,libtar,库,工具
1171,libtasn1,库,服务
1172,libtdb,库,服务
1173,libteam,库,服务
1174,libtevent,库,服务
1175,libthai,库,库
1176,libtheora,库,库
1177,libtiff,库,库
1178,libtimezonemap,库,工具
1179,libtirpc,库,服务
1180,libtool,工具,工具
1181,libucil,库,库
1182,libunicap,库,库
1183,libuninameslist,库,工具
1184,libunistring,库,工具
1185,liburing,库,服务
1186,libusb,库,服务
1187,libusbmuxd,库,服务
1188,libusbx,库,服务
1189,libuser,库,工具
1190,libutempter,库,服务
1191,libuv,库,库
1192,libva,库,库
1193,libvarlink,库,库
1194,libvdpau,库,工具
1195,libverto,库,工具
1196,libvirt,其它,服务
1197,libvirt-dbus,其它,其它
1198,libvirt-glib,库,服务
1199,libvirt-python,其它,其它
1200,libvisio,库,工具
1201,libvisual,库,库
1202,libvncserver,库,库
1203,libvoikko,库,工具
1204,libvorbis,库,库
1205,libvpx,库,库
1206,libwacom,库,库
1207,libwebp,库,库
1208,libwmf,库,库
1209,libwnck3,库,工具
1210,libwpd,库,工具
1211,libwpg,库,工具
1212,libwps,库,工具
1213,libx86emu,库,工具
1214,libxcb,库,服务
1215,libxcrypt,库,库
1216,libxkbcommon,库,工具
1217,libxkbfile,库,库
1218,libxklavier,库,工具
1219,libxml++,库,库
1220,libxml2,库,工具
1221,libxmlb,库,服务
1222,libxshmfence,库,服务
1223,libxslt,库,工具
1224,libyami,库,库
1225,libyaml,库,库
1226,libyang,库,服务
1227,libzen,库,库
1228,libzmf,库,工具
1229,lightdm,其它,其它
1230,lightdm-gtk,库,其它
1231,lightdm-gtk-greeter-settings,库,其它
1232,linux-firmware,工具,服务
1233,linuxconsoletools,工具,库
1234,linuxdoc-tools,工具,工具
1235,lksctp-tools,工具,服务
1236,lldpad,服务,服务
1237,lldpd,服务,服务
1238,llvm,其它,库
1239,lm_sensors,库,服务
1240,lmdb,工具,服务
1241,lockdev,库,服务
1242,log4j,库,其它
1243,logrotate,服务,服务
1244,logwatch,工具,工具
1245,lorax,工具,工具
1246,lorax-templates-anolis,服务,工具
1247,lpsolve,工具,工具
1248,lrzsz,工具,库
1249,lshw,工具,工具
1250,lsof,工具,服务
1251,lsscsi,库,服务
1252,lttng-ust,库,其它
1253,lua,工具,工具
1254,lua-expat,库,库
1255,lua-filesystem,库,库
1256,lua-json,库,库
1257,lua-lpeg,库,库
1258,lua-posix,库,其它
1259,lua-rpm-macros,库,其它
1260,lua-socket,库,库
1261,luajit,库,库
1262,lucene++,库,工具
1263,luksmeta,工具,工具
1264,lvm2,工具,服务
1265,lz4,工具,服务
1266,lzo,库,库
1267,lzop,工具,库
1268,m17n-db,库,工具
1269,m17n-lib,库,工具
1270,m4,工具,工具
1271,mailcap,工具,库
1272,mailx,工具,工具
1273,make,工具,工具
1274,malaga,工具,工具
1275,malaga-suomi-voikko,工具,库
1276,mallard-rng,工具,其它
1277,man-db,工具,工具
1278,mariadb,其它,工具
1279,mariadb-connector-c,其它,服务
1280,mariadb-connector-odbc,其它,其它
1281,mariadb-java-client,其它,其它
1282,marisa,库,工具
1283,matchbox-window-manager,工具,工具
1284,maven-plugin-bundle,其它,其它
1285,mc,工具,工具
1286,mcelog,工具,服务
1287,mcpp,库,工具
1288,mcstrans,服务,服务
1289,mdadm,工具,服务
1290,meanwhile,库,库
1291,mecab,其它,库
1292,media-player-info,库,服务
1293,memcached,工具,工具
1294,memstrack,工具,工具
1295,memtest86+,工具,工具
1296,mesa,库,工具
1297,mesa-demos,工具,工具
1298,mesa-libGLU,库,库
1299,mesa-libGLw,库,工具
1300,meson,工具,工具
1301,metacity,其它,工具
1302,microcode_ctl,工具,服务
1303,microdnf,库,库
1304,micropipenv,工具,工具
1305,mimetic,库,库
1306,mingw-binutils,工具,服务
1307,mingw-bzip2,工具,库
1308,mingw-cairo,工具,库
1309,mingw-crt,工具,库
1310,mingw-expat,工具,库
1311,mingw-filesystem,工具,其它
1312,mingw-fontconfig,工具,库
1313,mingw-freetype,工具,库
1314,mingw-gcc,工具,库
1315,mingw-gettext,工具,库
1316,mingw-glib2,库,库
1317,mingw-gstreamer1,工具,库
1318,mingw-harfbuzz,工具,库
1319,mingw-headers,库,其它
1320,mingw-icu,库,服务
1321,mingw-libffi,库,库
1322,mingw-libjpeg-turbo,库,库
1323,mingw-libpng,库,库
1324,mingw-libtiff,库,库
1325,mingw-openssl,库,工具
1326,mingw-pcre,库,库
1327,mingw-pixman,库,库
1328,mingw-pkg-config,工具,其它
1329,mingw-readline,工具,工具
1330,mingw-sqlite,工具,服务
1331,mingw-termcap,工具,库
1332,mingw-win-iconv,库,库
1333,mingw-winpthreads,库,库
1334,mingw-zlib,库,库
1335,minicom,工具,服务
1336,minizip,工具,其它
1337,mksh,工具,服务
1338,mlocate,工具,服务
1339,mobile-broadband-provider-info,库,服务
1340,mod_auth_gssapi,库,服务
1341,mod_auth_mellon,库,服务
1342,mod_authnz_pam,库,服务
1343,mod_fcgid,服务,服务
1344,mod_intercept_form_submit,服务,服务
1345,mod_lookup_identity,服务,服务
1346,mod_security,服务,服务
1347,mod_security_crs,服务,服务
1348,mod_wsgi,服务,服务
1349,modulemd-tools,工具,工具
1350,mokutil,工具,服务
1351,motif,库,工具
1352,mousetweaks,其它,工具
1353,mozilla-filesystem,库,库
1354,mozjs52,库,库
1355,mozjs60,库,库
1356,mozvoikko,工具,工具
1357,mpfr,库,库
1358,mpg123,库,服务
1359,mpich,库,工具
1360,mpitests,工具,库
1361,mpv,库,库
1362,mrtg,工具,工具
1363,mstflint,工具,工具
1364,mt-st,工具,工具
1365,mtdev,库,服务
1366,mtools,工具,工具
1367,mtr,工具,工具
1368,mtx,工具,工具
1369,multilib-rpm-config,工具,工具
1370,munge,库,服务
1371,mutt,工具,工具
1372,mutter,其它,工具
1373,mvapich2,库,工具
1374,mysql,其它,服务
1375,mythes,库,工具
1376,mythes-bg,库,其它
1377,mythes-ca,库,其它
1378,mythes-cs,库,其它
1379,mythes-da,库,其它
1380,mythes-de,库,其它
1381,mythes-el,库,其它
1382,mythes-en,库,库
1383,mythes-es,库,其它
1384,mythes-fr,库,其它
1385,mythes-ga,库,其它
1386,mythes-hu,库,其它
1387,mythes-it,库,其它
1388,mythes-mi,库,其它
1389,mythes-ne,库,其它
1390,mythes-nl,库,其它
1391,mythes-pl,库,其它
1392,mythes-pt,库,其它
1393,mythes-ro,库,其它
1394,mythes-ru,库,其它
1395,mythes-sk,库,其它
1396,mythes-sl,库,其它
1397,mythes-sv,库,其它
1398,mythes-uk,库,其它
1399,nano,工具,工具
1400,nasm,工具,库
1401,nautilus,其它,其它
1402,ncompress,工具,库
1403,ncurses,库,工具
1404,ndctl,工具,服务
1405,neon,库,库
1406,net-snmp,库,其它
1407,net-tools,工具,服务
1408,netlabel_tools,工具,服务
1409,netpbm,库,工具
1410,nettle,库,服务
1411,network-manager-applet,其它,服务
1412,newt,库,服务
1413,nfs-utils,工具,服务
1414,nfs4-acl-tools,工具,工具
1415,nftables,工具,服务
1416,nghttp2,服务,服务
1417,nginx,服务,服务
1418,ninja-build,工具,工具
1419,nispor,库,服务
1420,nmap,工具,服务
1421,nmstate,库,服务
1422,nodejs,其它,库
1423,nodejs-nodemon,其它,其它
1424,nodejs-packaging,其它,其它
1425,npth,库,库
1426,nspr,库,工具
1427,nss,库,服务
1428,nss_nis,库,服务
1429,nss_wrapper,库,工具
1430,ntfs-3g,库,服务
1431,numactl,库,服务
1432,numad,服务,服务
1433,numatop,工具,库
1434,numpy,库,库
1435,nvme-cli,工具,服务
1436,nvmetcli,工具,服务
1437,ocaml,库,工具
1438,ocaml-camlp4,库,库
1439,ocaml-extlib,库,库
1440,ocaml-findlib,库,其它
1441,ocaml-labltk,库,库
1442,ocaml-ocamlbuild,库,工具
1443,ocaml-srpm-macros,库,库
1444,onboard,工具,服务
1445,ongres-scram,库,其它
1446,oniguruma,库,库
1447,opa-ff,库,服务
1448,opa-fm,工具,其它
1449,open-vm-tools,工具,服务
1450,openal-soft,库,库
1451,openblas,库,库
1452,openblas-srpm-macros,库,其它
1453,openbox,工具,其它
1454,openchange,库,服务
1455,opencore-amr,库,库
1456,opencryptoki,库,库
1457,opencv,库,库
1458,openhpi,库,服务
1459,openjade,库,工具
1460,openjpeg2,库,工具
1461,openldap,工具,服务
1462,openmpi,库,库
1463,openoffice-lv,工具,库
1464,openoffice.org-dict-cs_CZ,工具,工具
1465,openpgm,库,库
1466,opensc,库,工具
1467,openscap,库,工具
1468,openslp,库,工具
1469,opensm,库,服务
1470,opensp,库,工具
1471,openssh,工具,服务
1472,openssl,工具,工具
1473,openssl-ibmpkcs11,库,库
1474,openssl-pkcs11,库,服务
1475,openwsman,库,服务
1476,opus,库,库
1477,orc,工具,服务
1478,orca,库,工具
1479,os-prober,库,库
1480,osbuild,库,服务
1481,osbuild-composer,工具,工具
1482,oscap-anaconda-addon,工具,其它
1483,osinfo-db,工具,服务
1484,osinfo-db-tools,工具,服务
1485,ostree,工具,服务
1486,p11-kit,工具,服务
1487,p7zip,工具,库
1488,pacemaker,工具,服务
1489,pakchois,库,库
1490,pam,工具,库
1491,pango,库,工具
1492,pangomm,库,库
1493,papi,库,工具
1494,papirus-icon-theme,其它,其它
1495,paps,库,工具
1496,parted,工具,工具
1497,passwd,工具,服务
1498,patch,工具,服务
1499,patchutils,工具,工具
1500,pavucontrol,工具,库
1501,pcaudiolib,库,服务
1502,pciutils,工具,服务
1503,pcp,库,库
1504,pcre,库,库
1505,pcre2,库,服务
1506,pcs,服务,服务
1507,pcsc-lite,库,服务
1508,pcsc-lite-ccid,库,其它
1509,pentaho-libxml,库,库
1510,pentaho-reporting-flow-engine,库,工具
1511,perftest,工具,服务
1512,perl,工具,工具
1513,perl-Algorithm-Diff,工具,其它
1514,perl-Archive-Tar,库,其它
1515,perl-Archive-Zip,库,库
1516,perl-Authen-SASL,库,库
1517,perl-B-Debug,库,库
1518,perl-B-Hooks-EndOfScope,库,库
1519,perl-B-Lint,库,其它
1520,perl-Bit-Vector,库,其它
1521,perl-CGI,库,库
1522,perl-CPAN,库,库
1523,perl-CPAN-Meta,库,库
1524,perl-CPAN-Meta-Requirements,库,库
1525,perl-CPAN-Meta-YAML,库,库
1526,perl-Capture-Tiny,库,库
1527,perl-Carp,库,库
1528,perl-Carp-Clan,库,库
1529,perl-Class-Data-Inheritable,库,库
1530,perl-Class-Factory-Util,库,库
1531,perl-Class-ISA,库,库
1532,perl-Class-Inspector,库,库
1533,perl-Class-Method-Modifiers,库,库
1534,perl-Class-Singleton,库,库
1535,perl-Class-XSAccessor,库,库
1536,perl-Compress-Bzip2,库,库
1537,perl-Compress-Raw-Bzip2,库,库
1538,perl-Compress-Raw-Zlib,库,库
1539,perl-Config-AutoConf,库,库
1540,perl-Config-Perl-V,库,库
1541,perl-Config-Tiny,库,库
1542,perl-Convert-ASN1,库,库
1543,perl-Crypt-OpenSSL-Bignum,库,库
1544,perl-Crypt-OpenSSL-RSA,库,其它
1545,perl-Crypt-OpenSSL-Random,库,库
1546,perl-DBD-MySQL,其它,工具
1547,perl-DBD-SQLite,库,库
1548,perl-DBI,库,库
1549,perl-DB_File,库,库
1550,perl-Data-Dump,其它,库
1551,perl-Data-Dumper,库,库
1552,perl-Data-OptList,库,库
1553,perl-Data-Section,库,库
1554,perl-Date-Calc,库,库
1555,perl-Date-ISO8601,库,库
1556,perl-Date-Manip,库,库
1557,perl-DateTime,库,库
1558,perl-DateTime-Format-Builder,库,库
1559,perl-DateTime-Format-HTTP,库,库
1560,perl-DateTime-Format-ISO8601,库,库
1561,perl-DateTime-Format-Mail,库,库
1562,perl-DateTime-Format-Strptime,库,库
1563,perl-DateTime-Locale,库,库
1564,perl-DateTime-TimeZone,库,其它
1565,perl-DateTime-TimeZone-SystemV,库,库
1566,perl-DateTime-TimeZone-Tzfile,库,其它
1567,perl-Devel-CallChecker,库,库
1568,perl-Devel-Caller,库,其它
1569,perl-Devel-GlobalDestruction,库,库
1570,perl-Devel-LexAlias,库,其它
1571,perl-Devel-PPPort,库,库
1572,perl-Devel-Size,库,库
1573,perl-Devel-StackTrace,库,库
1574,perl-Devel-Symdump,库,库
1575,perl-Digest,库,库
1576,perl-Digest-HMAC,其它,其它
1577,perl-Digest-MD5,库,库
1578,perl-Digest-SHA,库,库
1579,perl-Dist-CheckConflicts,库,工具
1580,perl-DynaLoader-Functions,库,库
1581,perl-Encode,库,其它
1582,perl-Encode-Detect,库,其它
1583,perl-Encode-Locale,其它,其它
1584,perl-Env,库,其它
1585,perl-Error,库,库
1586,perl-Eval-Closure,库,库
1587,perl-Exception-Class,库,其它
1588,perl-Exporter,库,工具
1589,perl-Exporter-Tiny,库,其它
1590,perl-ExtUtils-CBuilder,库,库
1591,perl-ExtUtils-Install,库,库
1592,perl-ExtUtils-MakeMaker,库,库
1593,perl-ExtUtils-Manifest,库,其它
1594,perl-ExtUtils-ParseXS,库,库
1595,perl-Fedora-VSP,库,库
1596,perl-File-BaseDir,库,服务
1597,perl-File-CheckTree,库,库
1598,perl-File-DesktopEntry,库,库
1599,perl-File-Fetch,库,其它
1600,perl-File-Find-Object,库,库
1601,perl-File-Find-Rule,库,库
1602,perl-File-HomeDir,库,服务
1603,perl-File-Listing,其它,库
1604,perl-File-MimeInfo,库,其它
1605,perl-File-Path,库,其它
1606,perl-File-ReadBackwards,库,库
1607,perl-File-Remove,库,其它
1608,perl-File-ShareDir,库,其它
1609,perl-File-Slurp,库,库
1610,perl-File-Temp,库,库
1611,perl-File-Which,库,库
1612,perl-Filter,库,其它
1613,perl-Filter-Simple,库,库
1614,perl-GSSAPI,库,库
1615,perl-Getopt-Long,库,库
1616,perl-HTML-Parser,其它,库
1617,perl-HTML-Tagset,其它,库
1618,perl-HTML-Tree,库,库
1619,perl-HTTP-Cookies,其它,其它
1620,perl-HTTP-Date,其它,库
1621,perl-HTTP-Message,其它,库
1622,perl-HTTP-Negotiate,其它,库
1623,perl-HTTP-Tiny,库,服务
1624,perl-IO-All,库,库
1625,perl-IO-Compress,库,库
1626,perl-IO-HTML,其它,其它
1627,perl-IO-Multiplex,库,库
1628,perl-IO-Socket-INET6,库,库
1629,perl-IO-Socket-IP,库,工具
1630,perl-IO-Socket-SSL,其它,其它
1631,perl-IO-String,库,库
1632,perl-IO-Tty,库,库
1633,perl-IO-stringy,库,库
1634,perl-IPC-Cmd,库,工具
1635,perl-IPC-Run,库,工具
1636,perl-IPC-SysV,库,其它
1637,perl-IPC-System-Simple,库,库
1638,perl-Importer,库,其它
1639,perl-JSON,库,库
1640,perl-JSON-PP,库,其它
1641,perl-JSON-XS,库,库
1642,perl-LDAP,库,库
1643,perl-LWP-MediaTypes,其它,库
1644,perl-List-MoreUtils,库,库
1645,perl-List-MoreUtils-XS,库,库
1646,perl-Locale-Codes,库,库
1647,perl-Locale-Maketext,库,工具
1648,perl-MIME-Base64,库,其它
1649,perl-MIME-Charset,库,其它
1650,perl-MRO-Compat,库,库
1651,perl-Mail-DKIM,库,工具
1652,perl-Mail-SPF,库,库
1653,perl-Mail-Sender,库,其它
1654,perl-MailTools,库,库
1655,perl-Math-BigInt,库,库
1656,perl-Math-BigInt-FastCalc,库,库
1657,perl-Math-BigRat,库,其它
1658,perl-Module-Build,库,库
1659,perl-Module-CoreList,库,库
1660,perl-Module-Implementation,库,库
1661,perl-Module-Install,库,库
1662,perl-Module-Install-AuthorTests,库,库
1663,perl-Module-Install-ReadmeFromPod,库,库
1664,perl-Module-Load,库,库
1665,perl-Module-Load-Conditional,库,库
1666,perl-Module-Metadata,库,库
1667,perl-Module-Pluggable,库,其它
1668,perl-Module-ScanDeps,库,其它
1669,perl-Mozilla-LDAP,库,其它
1670,perl-NTLM,其它,其它
1671,perl-Net-DNS,库,库
1672,perl-Net-HTTP,其它,其它
1673,perl-Net-SMTP-SSL,库,其它
1674,perl-Net-SSLeay,其它,库
1675,perl-Net-Server,库,库
1676,perl-NetAddr-IP,库,库
1677,perl-Number-Compare,库,库
1678,perl-Package-DeprecationManager,库,其它
1679,perl-Package-Generator,库,库
1680,perl-Package-Stash,库,其它
1681,perl-Package-Stash-XS,库,库
1682,perl-PadWalker,库,其它
1683,perl-Params-Check,库,工具
1684,perl-Params-Classify,库,库
1685,perl-Params-Util,库,库
1686,perl-Params-Validate,库,其它
1687,perl-Params-ValidationCompiler,库,库
1688,perl-Parse-Yapp,库,库
1689,perl-Path-Tiny,库,库
1690,perl-PathTools,工具,库
1691,perl-Perl-OSType,库,服务
1692,perl-PerlIO-via-QuotedPrint,库,库
1693,perl-Pod-Checker,库,库
1694,perl-Pod-Coverage,库,其它
1695,perl-Pod-Escapes,库,其它
1696,perl-Pod-LaTeX,库,工具
1697,perl-Pod-Markdown,库,其它
1698,perl-Pod-Parser,库,库
1699,perl-Pod-Perldoc,库,库
1700,perl-Pod-Plainer,库,库
1701,perl-Pod-Simple,库,库
1702,perl-Pod-Usage,库,工具
1703,perl-Ref-Util,库,服务
1704,perl-Ref-Util-XS,库,服务
1705,perl-Role-Tiny,库,工具
1706,perl-SGMLSpm,库,库
1707,perl-SNMP_Session,库,库
1708,perl-SUPER,库,库
1709,perl-Scalar-List-Utils,库,库
1710,perl-Scope-Guard,库,库
1711,perl-Socket,库,库
1712,perl-Socket6,库,其它
1713,perl-Software-License,库,其它
1714,perl-Specio,库,库
1715,perl-Storable,库,库
1716,perl-String-CRC32,库,其它
1717,perl-Sub-Exporter,库,库
1718,perl-Sub-Exporter-Progressive,库,工具
1719,perl-Sub-Identify,库,库
1720,perl-Sub-Info,库,其它
1721,perl-Sub-Install,库,其它
1722,perl-Sub-Name,库,工具
1723,perl-Sub-Uplevel,库,库
1724,perl-Sys-CPU,库,库
1725,perl-Sys-MemInfo,库,库
1726,perl-Sys-Syslog,库,库
1727,perl-Term-ANSIColor,库,库
1728,perl-Term-Cap,库,库
1729,perl-Term-Size-Any,库,库
1730,perl-Term-Size-Perl,库,库
1731,perl-Term-Table,库,库
1732,perl-TermReadKey,库,库
1733,perl-Test-Exception,库,库
1734,perl-Test-Harness,库,库
1735,perl-Test-Pod-Coverage,库,工具
1736,perl-Test-Simple,库,库
1737,perl-Test-Warn,库,库
1738,perl-Test2-Suite,库,库
1739,perl-Text-Balanced,库,其它
1740,perl-Text-CharWidth,库,库
1741,perl-Text-Diff,库,工具
1742,perl-Text-Glob,库,库
1743,perl-Text-ParseWords,库,库
1744,perl-Text-Soundex,库,库
1745,perl-Text-Tabs+Wrap,库,工具
1746,perl-Text-Template,库,库
1747,perl-Text-Unidecode,库,工具
1748,perl-Text-WrapI18N,库,其它
1749,perl-Thread-Queue,库,库
1750,perl-Time-HiRes,库,库
1751,perl-Time-Local,库,库
1752,perl-TimeDate,其它,库
1753,perl-Tk,库,库
1754,perl-Try-Tiny,其它,其它
1755,perl-Types-Serialiser,库,库
1756,perl-URI,库,库
1757,perl-Unicode-Collate,库,库
1758,perl-Unicode-EastAsianWidth,库,其它
1759,perl-Unicode-LineBreak,库,工具
1760,perl-Unicode-Normalize,库,库
1761,perl-Unicode-UTF8,库,其它
1762,perl-Unix-Syslog,库,库
1763,perl-Variable-Magic,库,服务
1764,perl-WWW-RobotRules,其它,服务
1765,perl-XML-Catalog,库,库
1766,perl-XML-DOM,库,库
1767,perl-XML-LibXML,库,库
1768,perl-XML-LibXML-PrettyPrint,库,库
1769,perl-XML-NamespaceSupport,库,库
1770,perl-XML-Parser,库,库
1771,perl-XML-RegExp,库,服务
1772,perl-XML-SAX,库,库
1773,perl-XML-SAX-Base,库,库
1774,perl-XML-Simple,库,库
1775,perl-XML-TokeParser,库,库
1776,perl-XML-Twig,库,库
1777,perl-XML-XPath,库,库
1778,perl-YAML,其它,其它
1779,perl-YAML-Tiny,库,库
1780,perl-autodie,库,库
1781,perl-bignum,库,库
1782,perl-common-sense,库,库
1783,perl-constant,库,库
1784,perl-experimental,库,其它
1785,perl-generators,库,库
1786,perl-gettext,工具,库
1787,perl-inc-latest,库,库
1788,perl-libintl-perl,库,库
1789,perl-libnet,库,其它
1790,perl-libwww-perl,其它,库
1791,perl-libxml-perl,库,库
1792,perl-local-lib,库,工具
1793,perl-namespace-autoclean,库,库
1794,perl-namespace-clean,库,其它
1795,perl-parent,库,其它
1796,perl-perlfaq,库,库
1797,perl-podlators,库,库
1798,perl-srpm-macros,库,其它
1799,perl-threads,库,库
1800,perl-threads-shared,库,库
1801,perl-version,库,库
1802,perltidy,库,库
1803,pesign,工具,工具
1804,phonon,库,其它
1805,pidgin,库,工具
1806,pidgin-sipe,库,库
1807,pigz,工具,库
1808,pinentry,工具,工具
1809,pinfo,工具,工具
1810,pipewire,服务,服务
1811,pipewire0.2,服务,服务
1812,pixman,库,工具
1813,pkgconf,库,服务
1814,plasma-breeze,其它,其它
1815,plotutils,工具,工具
1816,plymouth,服务,服务
1817,pmdk,库,工具
1818,pmix,库,库
1819,po4a,工具,工具
1820,policycoreutils,库,服务
1821,polkit,服务,服务
1822,polkit-pkla-compat,库,工具
1823,polkit-qt-1,库,库
1824,poppler,工具,工具
1825,poppler-data,库,工具
1826,popt,库,服务
1827,portreserve,工具,服务
1828,postfix,工具,服务
1829,postgresql-jdbc,其它,其它
1830,postgresql-odbc,其它,服务
1831,potrace,工具,工具
1832,powertop,工具,工具
1833,ppp,服务,服务
1834,prefixdevname,工具,服务
1835,procmail,工具,工具
1836,procps-ng,工具,工具
1837,prometheus-jmx-exporter,库,其它
1838,protobuf,库,库
1839,protobuf-c,库,库
1840,ps_mem,工具,工具
1841,psacct,工具,服务
1842,psmisc,工具,服务
1843,pstoedit,工具,工具
1844,publicsuffix-list,库,库
1845,pugixml,库,库
1846,pulseaudio,服务,服务
1847,pyOpenSSL,库,工具
1848,pyatspi,库,工具
1849,pycairo,库,工具
1850,pygobject3,库,工具
1851,pykickstart,工具,工具
1852,pyodbc,库,库
1853,pyparsing,库,库
1854,pyparted,库,工具
1855,pyserial,库,工具
1856,pytest,库,工具
1857,python-argcomplete,库,工具
1858,python-argh,库,工具
1859,python-asn1crypto,库,库
1860,python-attrs,库,库
1861,python-augeas,库,库
1862,python-blivet,库,服务
1863,python-boto3,库,库
1864,python-botocore,库,库
1865,python-cffi,库,库
1866,python-chardet,库,其它
1867,python-click,库,工具
1868,python-configobj,库,工具
1869,python-configshell,库,库
1870,python-coverage,库,库
1871,python-cpio,库,其它
1872,python-cryptography,库,库
1873,python-cups,库,其它
1874,python-dasbus,库,库
1875,python-dateutil,库,库
1876,python-dbus-client-gen,库,库
1877,python-dbus-python-client-gen,库,其它
1878,python-dbus-signature-pyparsing,库,库
1879,python-decorator,库,其它
1880,python-dmidecode,库,库
1881,python-dns,库,库
1882,python-enchant,库,库
1883,python-ethtool,库,工具
1884,python-evdev,库,库
1885,python-fasteners,库,其它
1886,python-flask,库,库
1887,python-gevent,库,库
1888,python-gflags,库,库
1889,python-greenlet,库,库
1890,python-gssapi,库,库
1891,python-html5lib,库,库
1892,python-httplib2,库,其它
1893,python-humanize,库,库
1894,python-hwdata,库,库
1895,python-idna,库,库
1896,python-imagesize,库,库
1897,python-iniparse,库,库
1898,python-inotify,库,服务
1899,python-into-dbus-python,库,库
1900,python-itsdangerous,库,库
1901,python-jinja2,库,库
1902,python-jmespath,库,其它
1903,python-jsonpatch,库,库
1904,python-jsonpointer,库,库
1905,python-jsonschema,库,库
1906,python-justbases,库,库
1907,python-justbytes,库,库
1908,python-jwt,库,库
1909,python-kmod,库,库
1910,python-ldap,库,库
1911,python-linux-procfs,库,其它
1912,python-lxml,库,库
1913,python-mako,库,库
1914,python-markupsafe,库,库
1915,python-meh,库,库
1916,python-mock,库,库
1917,python-netaddr,库,库
1918,python-netifaces,库,库
1919,python-networkx,库,库
1920,python-ntplib,库,库
1921,python-oauth2client,库,库
1922,python-oauthlib,库,库
1923,python-ordered-set,库,其它
1924,python-packaging,库,库
1925,python-pexpect,库,库
1926,python-pid,库,其它
1927,python-pillow,库,库
1928,python-pip,工具,其它
1929,python-pluggy,工具,其它
1930,python-ply,库,库
1931,python-prettytable,库,工具
1932,python-productmd,库,库
1933,python-psutil,库,库
1934,python-psycopg2,库,工具
1935,python-ptyprocess,库,其它
1936,python-py,库,库
1937,python-pyasn1,库,库
1938,python-pycparser,库,库
1939,python-pycurl,库,其它
1940,python-pydbus,库,库
1941,python-pyghmi,库,库
1942,python-pysocks,库,其它
1943,python-pytoml,库,库
1944,python-pyudev,库,库
1945,python-qt5,库,库
1946,python-reportlab,库,工具
1947,python-requests,库,库
1948,python-requests-file,库,库
1949,python-requests-ftp,库,库
1950,python-requests-oauthlib,库,库
1951,python-resolvelib,库,库
1952,python-rpm-macros,库,库
1953,python-rpmfluff,库,库
1954,python-rtslib,库,库
1955,python-s3transfer,库,其它
1956,python-schedutils,库,库
1957,python-semantic_version,库,库
1958,python-setuptools,工具,其它
1959,python-simpleline,库,工具
1960,python-six,其它,其它
1961,python-slip,库,库
1962,python-snowballstemmer,库,库
1963,python-sphinx,库,库
1964,python-sphinx-theme-alabaster,库,其它
1965,python-sphinx_rtd_theme,库,服务
1966,python-sphinxcontrib-websupport,库,其它
1967,python-suds,库,库
1968,python-sushy,库,库
1969,python-systemd,库,库
1970,python-uritemplate,库,其它
1971,python-urllib3,库,库
1972,python-urwid,库,库
1973,python-varlink,库,库
1974,python-webencodings,库,其它
1975,python-werkzeug,库,工具
1976,python-whoosh,库,库
1977,python2,其它,工具
1978,python2-pip,其它,其它
1979,python2-setuptools,其它,其它
1980,python3,工具,工具
1981,python3-azure-sdk,库,其它
1982,python36,其它,工具
1983,python38,其它,工具
1984,python3x-six,其它,其它
1985,pytz,库,工具
1986,pywbem,库,工具
1987,pyxdg,库,工具
1988,qatengine,库,库
1989,qatlib,库,库
1990,qatzip,库,库
1991,qemu-kvm,服务,其它
1992,qgnomeplatform,库,工具
1993,qpdf,库,库
1994,qt5,工具,库
1995,qt5-qt3d,库,库
1996,qt5-qtbase,库,工具
1997,qt5-qtcanvas3d,库,其它
1998,qt5-qtconnectivity,库,其它
1999,qt5-qtdeclarative,库,其它
2000,qt5-qtgraphicaleffects,库,其它
2001,qt5-qtimageformats,库,库
2002,qt5-qtlocation,库,工具
2003,qt5-qtmultimedia,库,库
2004,qt5-qtquickcontrols,库,其它
2005,qt5-qtquickcontrols2,库,库
2006,qt5-qtscript,库,其它
2007,qt5-qtsensors,库,库
2008,qt5-qtserialbus,库,其它
2009,qt5-qtserialport,库,工具
2010,qt5-qtsvg,库,工具
2011,qt5-qttools,库,工具
2012,qt5-qtvirtualkeyboard,库,工具
2013,qt5-qtwayland,库,其它
2014,qt5-qtwebchannel,库,其它
2015,qt5-qtwebengine,库,其它
2016,qt5-qtwebsockets,库,其它
2017,qt5-qtx11extras,库,库
2018,qt5-qtxmlpatterns,库,其它
2019,qtchooser,工具,其它
2020,quota,工具,服务
2021,raptor2,工具,库
2022,rarian,工具,工具
2023,rasdaemon,服务,服务
2024,rasqal,库,库
2025,rdma-core,工具,服务
2026,readline,工具,工具
2027,realmd,工具,服务
2028,rear,工具,库
2029,redfish-finder,工具,库
2030,redhat-lsb,工具,服务
2031,redhat-menus,工具,其它
2032,redhat-rpm-config,工具,服务
2033,redhat-support-lib-python,库,服务
2034,redhat-support-tool,工具,工具
2035,redland,库,库
2036,resource-agents,服务,服务
2037,rest,库,库
2038,rhythmbox,工具,库
2039,rig,工具,工具
2040,rng-tools,工具,服务
2041,rootfiles,服务,服务
2042,rpcbind,库,服务
2043,rpm,工具,服务
2044,rpm-ostree,库,服务
2045,rpmdevtools,工具,工具
2046,rpmlint,工具,工具
2047,rrdtool,工具,工具
2048,rsync,工具,工具
2049,rsyslog,服务,服务
2050,rtkit,服务,服务
2051,rubberband,库,库
2052,ruby,其它,库
2053,rust-srpm-macros,库,其它
2054,saab-fonts,其它,其它
2055,sac,库,其它
2056,samba,服务,服务
2057,sane-backends,工具,服务
2058,sane-frontends,工具,工具
2059,sanlock,库,服务
2060,satyr,库,服务
2061,sbc,库,服务
2062,sbd,库,服务
2063,sblim-cmpi-base,库,工具
2064,sblim-gather,库,工具
2065,sblim-indication_helper,库,库
2066,sblim-sfcCommon,库,工具
2067,sblim-sfcb,库,其它
2068,sblim-sfcc,库,工具
2069,sblim-wbemcli,库,工具
2070,scap-security-guide,工具,服务
2071,scap-workbench,工具,工具
2072,scipy,其它,库
2073,scl-utils,工具,服务
2074,scrub,工具,库
2075,seahorse,工具,工具
2076,sed,工具,服务
2077,selinux-policy,工具,服务
2078,sendmail,工具,工具
2079,setools,工具,工具
2080,setroubleshoot,工具,服务
2081,setroubleshoot-plugins,工具,库
2082,setserial,工具,服务
2083,setup,服务,服务
2084,sg3_utils,工具,服务
2085,sgml-common,工具,库
2086,sgpio,工具,服务
2087,shadow-utils,工具,工具
2088,shared-mime-info,库,其它
2089,shim,服务,服务
2090,sip,工具,工具
2091,skkdic,库,工具
2092,slang,工具,库
2093,smartmontools,工具,服务
2094,smc-tools,工具,服务
2095,snappy,库,库
2096,sombok,工具,工具
2097,sos,工具,工具
2098,sos-collector,工具,工具
2099,sound-theme-freedesktop,库,其它
2100,soundtouch,工具,工具
2101,source-highlight,库,库
2102,soxr,库,库
2103,spamassassin,库,工具
2104,speech-dispatcher,库,库
2105,speex,库,库
2106,speexdsp,库,服务
2107,spice,库,库
2108,spice-gtk,库,工具
2109,spice-streaming-agent,服务,服务
2110,spice-vdagent,库,其它
2111,spirv-tools,工具,服务
2112,splix,库,服务
2113,sqlite,工具,工具
2114,squashfs-tools,工具,其它
2115,srt,工具,工具
2116,sscg,工具,工具
2117,sshpass,工具,工具
2118,sssd,服务,服务
2119,star,工具,服务
2120,startdde,其它,其它
2121,startup-notification,库,其它
2122,strace,工具,服务
2123,stratis-cli,工具,服务
2124,stratisd,服务,服务
2125,stress-ng,工具,服务
2126,stunnel,库,服务
2127,subversion,其它,其它
2128,sudo,工具,服务
2129,suitesparse,库,库
2130,sushi,工具,工具
2131,switcheroo-control,服务,服务
2132,symlinks,工具,服务
2133,sysfsutils,工具,服务
2134,syslinux,库,服务
2135,sysstat,工具,服务
2136,system-config-printer,工具,工具
2137,system-lsb,服务,服务
2138,system-storage-manager,工具,工具
2139,systemd,服务,服务
2140,systemtap,工具,工具
2141,taglib,库,库
2142,tagsoup,库,库
2143,tang,服务,服务
2144,tar,工具,服务
2145,targetcli,工具,工具
2146,tbb,库,库
2147,tboot,工具,工具
2148,tcl,工具,工具
2149,teckit,库,工具
2150,tesseract,工具,库
2151,tesseract-tessdata,库,工具
2152,tex-fonts-hebrew,库,其它
2153,texi2html,工具,工具
2154,texinfo,工具,工具
2155,texlive,工具,工具
2156,thermald,服务,服务
2157,thunderbird,工具,工具
2158,tigervnc,工具,服务
2159,time,工具,工具
2160,timedatex,服务,服务
2161,tinycdb,库,工具
2162,tix,工具,工具
2163,tk,工具,工具
2164,tlog,工具,工具
2165,tmpwatch,工具,服务
2166,tmux,工具,服务
2167,tog-pegasus,库,服务
2168,tokyocabinet,库,服务
2169,torque,库,工具
2170,totem,工具,其它
2171,totem-pl-parser,库,库
2172,tpm-quote-tools,工具,工具
2173,tpm-tools,工具,服务
2174,tpm2-abrmd,服务,其它
2175,tpm2-abrmd-selinux,库,其它
2176,tpm2-tools,工具,库
2177,tpm2-tss,库,服务
2178,trace-cmd,工具,其它
2179,tracer,工具,工具
2180,traceroute,工具,服务
2181,tracker,工具,服务
2182,tracker-miners,工具,工具
2183,tree,工具,服务
2184,trousers,库,服务
2185,tss2,库,工具
2186,ttmkfdir,工具,库
2187,tuna,工具,工具
2188,tuned,库,工具
2189,twolame,库,库
2190,tzdata,服务,服务
2191,uchardet,库,库
2192,ucs-miscfixed-fonts,其它,工具
2193,ucx,库,库
2194,udisks2,工具,服务
2195,udisks2-qt5,库,其它
2196,uglify-js,库,工具
2197,unbound,工具,服务
2198,unicode-ucd,服务,服务
2199,units,工具,工具
2200,unixODBC,其它,库
2201,unrar,工具,工具
2202,unzip,工具,服务
2203,upower,服务,服务
2204,urlview,工具,工具
2205,urw-base35-fonts,其它,其它
2206,usb_modeswitch,库,服务
2207,usb_modeswitch-data,库,工具
2208,usbguard,服务,库
2209,usbmuxd,服务,服务
2210,usbredir,库,服务
2211,usbutils,工具,服务
2212,usermode,工具,工具
2213,userspace-rcu,工具,库
2214,util-linux,工具,服务
2215,v4l-utils,库,库
2216,valgrind,工具,库
2217,vamp-plugin-sdk,库,库
2218,vapoursynth,库,库
2219,vdo,工具,服务
2220,vhostmd,工具,服务
2221,vid.stab,库,库
2222,vim,工具,工具
2223,vinagre,工具,工具
2224,vino,工具,工具
2225,virt-manager,工具,服务
2226,virt-p2v,工具,工具
2227,virt-top,工具,工具
2228,virt-viewer,工具,工具
2229,virt-what,工具,服务
2230,vmaf,库,库
2231,vo-amrwbenc,库,库
2232,volume_key,工具,服务
2233,vorbis-tools,工具,库
2234,vte291,库,工具
2235,vulkan-loader,库,其它
2236,vulkan-tools,库,其它
2237,vulkan-validation-layers,库,其它
2238,watchdog,服务,服务
2239,wavpack,库,库
2240,wayland,服务,库
2241,web-assets,库,其它
2242,webkit2gtk3,库,工具
2243,webrtc-audio-processing,库,库
2244,wget,工具,工具
2245,which,工具,服务
2246,wireshark,工具,工具
2247,woff2,库,库
2248,words,工具,工具
2249,wpa_supplicant,工具,服务
2250,wsmancli,工具,服务
2251,x264,库,工具
2252,x265,库,工具
2253,x3270,工具,工具
2254,xapian-core,库,库
2255,xcb-util,工具,库
2256,xcb-util-cursor,库,库
2257,xcb-util-image,库,库
2258,xcb-util-keysyms,库,库
2259,xcb-util-renderutil,库,库
2260,xcb-util-wm,库,其它
2261,xdelta,工具,工具
2262,xdg-desktop-portal,库,服务
2263,xdg-desktop-portal-gtk,库,其它
2264,xdg-user-dirs,库,库
2265,xdg-user-dirs-gtk,库,其它
2266,xdg-utils,工具,库
2267,xerces-c,库,库
2268,xfsdump,工具,库
2269,xfsprogs,库,服务
2270,xkeyboard-config,库,其它
2271,xmlrpc-c,库,库
2272,xmlsec1,库,工具
2273,xmlto,工具,工具
2274,xorg-x11-drivers,库,服务
2275,xorg-x11-drv-ati,服务,服务
2276,xorg-x11-drv-dummy,服务,服务
2277,xorg-x11-drv-evdev,服务,服务
2278,xorg-x11-drv-fbdev,服务,服务
2279,xorg-x11-drv-intel,服务,服务
2280,xorg-x11-drv-libinput,服务,服务
2281,xorg-x11-drv-nouveau,库,服务
2282,xorg-x11-drv-qxl,服务,服务
2283,xorg-x11-drv-v4l,服务,服务
2284,xorg-x11-drv-vesa,服务,服务
2285,xorg-x11-drv-vmware,服务,服务
2286,xorg-x11-drv-wacom,服务,服务
2287,xorg-x11-font-utils,服务,服务
2288,xorg-x11-fonts,其它,工具
2289,xorg-x11-server,服务,服务
2290,xorg-x11-server-Xwayland,服务,其它
2291,xorg-x11-server-utils,工具,服务
2292,xorg-x11-util-macros,服务,服务
2293,xorg-x11-utils,工具,服务
2294,xorg-x11-xauth,服务,服务
2295,xorg-x11-xbitmaps,服务,服务
2296,xorg-x11-xinit,服务,服务
2297,xorg-x11-xkb-utils,工具,其它
2298,xrestop,工具,工具
2299,xsane,库,工具
2300,xsettingsd,服务,其它
2301,xterm,工具,工具
2302,xvidcore,库,库
2303,xz,工具,工具
2304,yajl,库,服务
2305,yasm,工具,服务
2306,yelp,库,工具
2307,yelp-tools,工具,服务
2308,yelp-xsl,工具,工具
2309,yp-tools,工具,服务
2310,ypbind,服务,服务
2311,ypserv,服务,服务
2312,zaf,工具,工具
2313,zenity,工具,工具
2314,zeromq3,库,库
2315,zimg,库,库
2316,zip,工具,工具
2317,zlib,库,库
2318,zsh,工具,工具
2319,zssh,工具,其它
2320,zstd,工具,服务
2321,zvbi,工具,工具
2322,zziplib,库,工具
