name,label,predict,summary,description
podman-plugins,工具,服务, Plugins for podman," This plugin sets up the use of dnsmasq on a given CNI network so
that Pods can resolve each other by name.  When configured,
the pod and its IP address are added to a network specific hosts file
that dnsmasq will read in.  Similarly, when a pod
is removed from the network, it will remove the entry from the hosts
file.  Each CNI network will have its own dnsmasq instance."
php-cli,工具,库, Command-line interface for PHP," The php-cli package contains the command-line interface
executing PHP scripts, /usr/bin/php, and the CGI interface."
GConf2,工具,库, A process-transparent configuration system," GConf is a process-transparent configuration database API used to
store user preferences. It has pluggable backends and features to
support workgroup administration."
hyphen-be,工具,库, Belarusian hyphenation rules, Belarusian hyphenation rules.
fwupdate-efi,工具,库, UEFI binaries used by libfwup, UEFI binaries used by libfwup.
vulkan-validation-layers,工具,库, Vulkan validation layers, Vulkan validation layers
texlive-ec,工具,其它, Computer modern fonts in T1 and TS1 encodings," The EC fonts are European Computer Modern Fonts, supporting the
complete LaTeX T1 encoding defined at the 1990 TUG conference
hold at Cork/Ireland. These fonts are intended to be stable
with no changes being made to the tfm files. The set also
contains a Text Companion Symbol font, called tc, featuring
many useful characters needed in text typesetting, for example
oldstyle digits, currency symbols (including the newly created
Euro symbol), the permille sign, copyright, trade mark and
servicemark as well as a copyleft sign, and many others. Recent
releases of LaTeX2e support the EC fonts. The EC fonts
supersede the preliminary version released as the DC fonts. The
fonts are available in (traced) Adobe Type 1 format, as part of
the cm-super bundle. The other Computer Modern-style T1-encoded
Type 1 set, Latin Modern, is not actually a direct development
of the EC set, and differs from the EC in a number of
particulars."
dpa-ext-gnomekeyring,工具,服务, GNOME keyring extension for dde-polkit-agent., DDE Polkit Agent extension to automatically do some thing with GNOME keyring.
gedit-plugin-findinfiles,工具,服务, gedit findinfiles plugin, The gedit findinfiles plugin.
maven-reporting-impl,工具,库, Abstract classes to manage report generation," Abstract classes to manage report generation, which can be run both:

* as part of a site generation (as a maven-reporting-api's MavenReport),
* or as a direct standalone invocation (as a maven-plugin-api's Mojo).

This is a replacement package for maven-shared-reporting-impl"
python3-wx-siplib,工具,库, SIP - Python 3/C++ Bindings Generator for wx," This is the Python 3 build of wx-siplib.


SIP is a tool for generating bindings for C++ classes so that they can be
accessed as normal Python classes. SIP takes many of its ideas from SWIG but,
because it is specifically designed for C++ and Python, is able to generate
tighter bindings. SIP is so called because it is a small SWIG.

SIP was originally designed to generate Python bindings for KDE and so has
explicit support for the signal slot mechanism used by the Qt/KDE class
libraries. However, SIP can be used to generate Python bindings for any C++
class library."
micropipenv,工具,库, A simple wrapper around pip to support Pipenv and Poetry files," A lightweight wrapper for pip to support Pipenv and Poetry lock files or
converting them to pip-tools compatible output."
texlive-arphic,工具,其它, Arphic (Chinese) font packages," These are font bundles for the Chinese Arphic fonts which work
with the CJK package. Arphic is actually the name of the
company that which created the fonts (and put them under a GPL-
like licence)."
motif,工具,库, Run-time libraries and programs," This is the Motif 2.3.4 run-time environment. It includes the
Motif shared libraries, needed to run applications which are dynamically
linked against Motif and the Motif Window Manager mwm."
python3-unbound,工具,库, Python 3 modules and extensions for unbound, Python 3 modules and extensions for unbound
hyphen-sr,工具,库, Serbian hyphenation rules, Serbian hyphenation rules.
eclipse-emf-xsd,工具,库, XML Schema Definition (XSD) Eclipse plug-in," The XML Schema Definition (XSD) plug-in is a library that provides an API for
manipulating the components of an XML Schema as described by the W3C XML
Schema specifications, as well as an API for manipulating the DOM-accessible
representation of XML Schema as a series of XML documents."
wpa_supplicant,工具,服务,WPA/WPA2/IEEE 802.1X Supplicant ,"wpa_supplicant is a WPA Supplicant for Linux, BSD and Windows with support
for WPA and WPA2 (IEEE 802.11i / RSN). Supplicant is the IEEE 802.1X/WPA
component that is used in the client stations. It implements key negotiation
with a WPA Authenticator and it controls the roaming and IEEE 802.11
authentication/association of the wlan driver. "
maven-doxia-modules,工具,库, Doxia modules for several markup languages., This package provides Doxia modules for several markup languages..
hyphen-nb,工具,库, Bokmaal hyphenation rules, Bokmaal hyphenation rules.
gstreamer-tools,工具,库, common tools and files for GStreamer streaming media framework," GStreamer is a streaming media framework, based on graphs of filters which
operate on media data. Applications using this library can do anything
from real-time sound processing to playing videos, and just about anything
else media-related.  Its plugin-based architecture means that new data
types or processing capabilities can be added simply by installing new
plugins.

This package contains wrapper scripts for the command-line tools that work
with different major/minor versions of GStreamer."
policycoreutils-newrole,工具,服务,The newrole application for RBAC/MLS ,"RBAC/MLS policy machines require newrole as a way of changing the role
or level of a logged in user. "
pam,工具,库,An extensible library which provides authentication for applications ,"PAM (Pluggable Authentication Modules) is a system security tool that
allows system administrators to set authentication policy without
having to recompile programs that handle authentication. "
crontabs,工具,服务, Root crontab files used to schedule the execution of programs," This package is used mainly for executing files by cron.

The crontabs package contains root crontab files and directories.
You will need to install cron daemon to run the jobs from the crontabs.
The cron daemon such as cronie or fcron checks the crontab files to
see when particular commands are scheduled to be executed.  If commands
are scheduled, it executes them.

Crontabs handles a basic system function, so it should be installed on
your system."
python3-libmount,工具,库, Python bindings for the libmount library," The libmount-python package contains a module that permits applications
written in the Python programming language to use the interface
supplied by the libmount library to work with mount tables (fstab,
mountinfo, etc) and mount filesystems."
grub2-common,工具,库, grub2 common layout," This package provides some directories which are required by various grub2
subpackages."
syslinux-tftpboot,工具,服务,"SYSLINUX modules in /tftpboot, available for network booting ","All the SYSLINUX/PXELINUX modules directly available for network
booting in the /tftpboot directory. "
nbdkit-server,工具,服务, The nbdkit server, This package contains the nbdkit server with no plugins or filters.
pinentry-gtk,工具,库, Passphrase/PIN entry dialog based on GTK+," Pinentry is a collection of simple PIN or passphrase entry dialogs which
utilize the Assuan protocol as described by the aegypten project; see
http://www.gnupg.org/aegypten/ for details.
This package contains the GTK GUI based version of the PIN entry dialog."
apr-util-odbc,工具,库, APR utility library ODBC DBD driver," This package provides the ODBC driver for the apr-util DBD
(database abstraction) interface."
sendmail-cf,工具,服务, The files needed to reconfigure Sendmail," This package includes the configuration files you need to generate the
sendmail.cf file distributed with the sendmail package. You will need
the sendmail-cf package if you ever need to reconfigure and rebuild
your sendmail.cf file."
clutter,工具,库, Open Source software library for creating rich graphical user interfaces," Clutter is an open source software library for creating fast,
visually rich graphical user interfaces. The most obvious example
of potential usage is in media center type applications.
We hope however it can be used for a lot more."
eclipse-ecf-runtime,工具,库, Eclipse Communication Framework (ECF) Eclipse plug-in," ECF is a set of frameworks for building communications into applications and
services. It provides a lightweight, modular, transport-independent, fully
compliant implementation of the OSGi Remote Services standard."
pnm2ppa,工具,库, Drivers for printing to HP PPA printers," Pnm2ppa is a color driver for HP PPA host-based printers such as the
HP710C, 712C, 720C, 722C, 820Cse, 820Cxi, 1000Cse, and 1000Cxi.
Pnm2ppa accepts Ghostscript output in PPM format and sends it to the
printer in PPA format.

Install pnm2ppa if you need to print to a PPA printer."
texlive-fontware,工具,其它, fontware package, fontware package
java-1.8.0-openjdk-headless-slowdebug,工具,库, OpenJDK 8 Runtime Environment unoptimised with full debugging on," The OpenJDK 8 runtime environment without audio and video support.
This package is unoptimised with full debugging. Install only as needed and remove ASAP."
ksh,工具,库, The Original ATT Korn Shell," KSH-93 is the most recent version of the KornShell by David Korn of
AT&T Bell Laboratories.
KornShell is a shell programming language, which is upward compatible
with ""sh"" (the Bourne Shell)."
pcp-system-tools,工具,服务, Performance Co-Pilot (PCP) System and Monitoring Tools," This PCP module contains additional system monitoring tools written
in the Python language."
hyphen-cs,工具,库, Czech hyphenation rules, Czech hyphenation rules.
texlive-wasy2-ps,工具,库, Type 1 versions of wasy2 fonts, Converted (Adobe Type 1) outlines of (some of) the wasy2 fonts.
pcp-import-iostat2pcp,工具,服务, Performance Co-Pilot tools for importing iostat data into PCP archive logs," Performance Co-Pilot (PCP) front-end tools for importing iostat data
into standard PCP archive logs for replay with any PCP monitoring tool."
boom-boot,工具,库,A set of libraries and tools for managing boot loader entries ,"Boom is a boot manager for Linux systems using boot loaders that support
the BootLoader Specification for boot entry configuration.

Boom requires a BLS compatible boot loader to function: either the
systemd-boot project, or Grub2 with the BLS patch. "
texlive-hyphen-base,工具,库, hyphen-base package, hyphen-base package
OpenIPMI,工具,库, IPMI (Intelligent Platform Management Interface) library and tools," The Open IPMI project aims to develop an open code base to allow access to
platform information using Intelligent Platform Management Interface (IPMI).
This package contains the tools of the OpenIPMI project."
oddjob,工具,服务, A D-Bus service which runs odd jobs on behalf of client applications," oddjob is a D-Bus service which performs particular tasks for clients which
connect to it and issue requests using the system-wide message bus."
texlive-xkeyval,工具,库, Extension of the keyval package," This package is an extension of the keyval package and offers
additional macros for setting keys and declaring and setting
class or package options. The package allows the programmer to
specify a prefix to the name of the macros it defines for keys,
and to define families of key definitions; these all help use
in documents where several packages define their own sets of
keys."
uuid,工具,库, Universally Unique Identifier library," OSSP uuid is a ISO-C:1999 application programming interface (API)
and corresponding command line interface (CLI) for the generation
of DCE 1.1, ISO/IEC 11578:1996 and RFC 4122 compliant Universally
Unique Identifier (UUID). It supports DCE 1.1 variant UUIDs of version
1 (time and node based), version 3 (name based, MD5), version 4
(random number based) and version 5 (name based, SHA-1). Additional
API bindings are provided for the languages ISO-C++:1998 and Perl:5
Optional backward compatibility exists for the ISO-C DCE-1.1 and Perl
Data::UUID APIs."
hyphen-et,工具,库, Estonian hyphenation rules, Estonian hyphenation rules.
crypto-policies,工具,服务, System-wide crypto policies," This package provides pre-built configuration files with
cryptographic policies for various cryptographic back-ends,
such as SSL/TLS libraries."
libreswan,工具,服务, IPsec implementation with IKEv1 and IKEv2 keying protocols," Libreswan is a free implementation of IKE/IPsec for Linux.  IPsec is
the Internet Protocol Security and uses strong cryptography to provide
both authentication and encryption services.  These services allow you
to build secure tunnels through untrusted networks.  Everything passing
through the untrusted net is encrypted by the ipsec gateway machine and
decrypted by the gateway at the other end of the tunnel.  The resulting
tunnel is a virtual private network or VPN.

This package contains the daemons and userland tools for setting up
Libreswan.

Libreswan also supports IKEv2 (RFC7296) and Secure Labeling

Libreswan is based on Openswan-2.6.38 which in turn is based on FreeS/WAN-2.04"
brasero,工具,服务, Gnome CD/DVD burning application," Simple and easy to use CD/DVD burning application for the Gnome
desktop."
gcc-toolset-11-libstdc++-docs,工具,库, Documentation for the GNU standard C++ library," Manual, doxygen generated API information and Frequently Asked Questions
for the GNU standard C++ library."
numactl,工具,库,Library for tuning for Non Uniform Memory Access machines ,"Simple NUMA policy support. It consists of a numactl program to run
other programs with a specific NUMA policy. "
perl-Git,工具,库, Perl interface to Git, Perl interface to Git.
socat,工具,库, Bidirectional data relay between two data channels ('netcat++')," Socat is a relay for bidirectional data transfer between two independent data
channels. Each of these data channels may be a file, pipe, device (serial line
etc. or a pseudo terminal), a socket (UNIX, IP4, IP6 - raw, UDP, TCP), an
SSL socket, proxy CONNECT connection, a file descriptor (stdin etc.), the GNU
line editor (readline), a program, or a combination of two of these."
texlive-paralist,工具,库, Enumerate and itemize within paragraphs," Provides enumerate and itemize environments that can be used
within paragraphs to format the items either as running text or
as separate paragraphs with a preceding number or symbol. Also
provides compacted versions of enumerate and itemize."
deepin-image-viewer,工具,服务, Deepin Image Viewer, Deepin Image Viewer.
dde-network-utils,工具,服务, Deepin desktop-environment - network utils, Deepin desktop-environment - network utils.
nss_wrapper,工具,库," A wrapper for the user, group and hosts NSS API"," There are projects which provide daemons needing to be able to create, modify
and delete Unix users. Or just switch user ids to interact with the system e.g.
a user space file server. To be able to test that you need the privilege to
modify the passwd and groups file. With nss_wrapper it is possible to define
your own passwd and groups file which will be used by software to act correctly
while under test.

If you have a client and server under test they normally use functions to
resolve network names to addresses (dns) or vice versa. The nss_wrappers allow
you to create a hosts file to setup name resolution for the addresses you use
with socket_wrapper.

To use it set the following environment variables:

LD_PRELOAD=libuid_wrapper.so
NSS_WRAPPER_PASSWD=/path/to/passwd
NSS_WRAPPER_GROUP=/path/to/group
NSS_WRAPPER_HOSTS=/path/to/host

This package doesn't have a devel package cause this project is for
development/testing."
nbdkit-python-plugin,工具,库, Python 3 plugin for nbdkit, This package lets you write Python 3 plugins for nbdkit.
byaccj,工具,库, Parser Generator with Java Extension," BYACC/J is an extension of the Berkeley v 1.8 YACC-compatible
parser generator. Standard YACC takes a YACC source file, and
generates one or more C files from it, which if compiled properly,
will produce a LALR-grammar parser. This is useful for expression
parsing, interactive command parsing, and file reading. Many
megabytes of YACC code have been written over the years.
This is the standard YACC tool that is in use every day to produce
C/C++ parsers. I have added a ""-J"" flag which will cause BYACC to
generate Java source code, instead. So there finally is a YACC for
Java now!"
bsdtar,工具,库, Manipulate tape archives," The bsdtar package contains standalone bsdtar utility split off regular
libarchive packages."
lorax-composer,工具,库, Lorax Image Composer API Server, lorax-composer provides a REST API for building images using lorax.
geoipupdate,工具,服务, Update GeoIP2 and GeoIP Legacy binary databases from MaxMind," The GeoIP Update program performs automatic updates of GeoIP2 and GeoIP
Legacy binary databases."
sane-backends-drivers-cameras,工具,服务, Scanner backend drivers for digital cameras, This package contains backend drivers to access digital cameras through SANE.
apr-util-openssl,工具,库, APR utility library OpenSSL crypto support, This package provides the OpenSSL crypto support for the apr-util.
gcc-toolset-9-systemtap-server,工具,服务, Instrumentation System Server," This is the remote script compilation server component of systemtap.
It announces itself to nearby clients with avahi (if available), and
compiles systemtap scripts to kernel objects on their demand."
gcc-toolset-10-libstdc++-docs,工具,库, Documentation for the GNU standard C++ library," Manual, doxygen generated API information and Frequently Asked Questions
for the GNU standard C++ library."
tpm2-tss,工具,库, TPM2.0 Software Stack," tpm2-tss is a software stack supporting Trusted Platform Module(TPM) 2.0 system
APIs. It sits between TPM driver and applications, providing TPM2.0 specified
APIs for applications to access TPM module through kernel TPM drivers."
scl-utils-build,工具,库, RPM build macros for alternative packaging, Essential RPM build macros for alternative packaging.
clevis-luks,工具,服务, LUKS integration for clevis," LUKS integration for clevis. This package allows you to bind a LUKS
volume to a clevis unlocking policy. For automated unlocking, an unlocker
will also be required. See, for example, clevis-dracut and clevis-udisks2."
redhat-rpm-config,工具,库, Red Hat specific rpm configuration files, Red Hat specific rpm configuration files.
texlive-extsizes,工具,库, Extend the standard classes' size options," Provides classes extarticle and extreport, extletter, extbook,
extproc which allow for documents with a base font of size 8-
20pt."
maven-file-management,工具,库, Maven File Management API, Provides a component for plugins to easily resolve project dependencies.
evince-browser-plugin,工具,服务, Evince web browser plugin, This package contains the evince web browser plugin.
slirp4netns,工具,库, slirp for network namespaces," slirp for network namespaces, without copying buffers across the namespaces."
texlive-parskip,工具,库," Layout with zero \parindent, non-zero \parskip"," Simply changing \parskip and \parindent leaves a layout that is
untidy; this package (though it is no substitute for a
properly-designed class) helps alleviate this untidiness"
qrencode,工具,库, Generate QR 2D barcodes," Qrencode is a utility software using libqrencode to encode string data in
a QR Code and save as a PNG image."
rrdtool-lua,工具,库, Lua RRDtool bindings, The rrdtool-lua package includes RRDtool bindings for Lua.
xml-common,工具,库,Common XML catalog and DTD files ,"The xml-common is a subpackage of sgml-common which contains
a collection XML catalogs that are useful for processing XML,
but that don't need to be included in main package. "
isns-utils,工具,服务,The iSNS daemon and utility programs ,"The iSNS package contains the daemon and tools to setup a iSNS server,
and iSNS client tools. The Internet Storage Name Service (iSNS) protocol
allows automated discovery, management and configuration of iSCSI and
Fibre Channel devices (using iFCP gateways) on a TCP/IP network. "
policycoreutils-dbus,工具,服务,SELinux policy core DBUS api ,"The policycoreutils-dbus package contains the management DBUS API use to manage
an SELinux environment. "
mousetweaks,工具,服务, Mouse accessibility support for the GNOME desktop," The Mousetweaks package provides mouse accessibility enhancements for
the GNOME desktop, such as performing various clicks without using any
hardware button. The options can be accessed through the Accessibility
tab of the Mouse Preferences of GNOME Control Center or through command-line."
breeze-icon-theme,工具,服务, Breeze icon theme, Breeze icon theme.
rpm-plugin-prioreset,工具,库,Rpm plugin for resetting scriptlet priorities for SysV init ,"Rpm plugin for resetting scriptlet priorities for SysV init

Useful on legacy SysV init systems if you run rpm transactions with
nice/ionice priorities. Should not be used on systemd systems. "
golang,工具,库, The Go Programming Language, The Go Programming Language.
cmake-data,工具,库, Common data-files for cmake, This package contains common data-files for cmake.
eclipse-p2-discovery,工具,服务, Eclipse p2 Discovery," The p2 Discovery mechanism provides a simplified and branded front-end for the
p2 provisioning platform. Discovery can be used as a tool to display and
install from existing P2 repositories or as a framework to build branded
installer UIs."
chrpath,工具,库,Modify rpath of compiled programs ,"chrpath allows you to modify the dynamic library load path (rpath) of
compiled programs.  Currently, only removing and modifying the rpath
is supported. "
mod_dav_svn,工具,服务, Apache httpd module for Subversion server," The mod_dav_svn package allows access to a Subversion repository
using HTTP, via the Apache httpd server."
npm,工具,服务, Node.js Package Manager," npm is a package manager for node.js. You can use it to install and publish
your node programs. It manages dependencies and does other cool stuff."
deepin-screen-recorder,工具,服务, Deepin Screen Recorder, Deepin Screen Recorder.
gnome-color-manager,工具,服务, Color management tools for GNOME," gnome-color-manager is a session framework that makes it easy to manage, install
and generate color profiles in the GNOME desktop."
mrtg,工具,库, Multi Router Traffic Grapher," The Multi Router Traffic Grapher (MRTG) is a tool to monitor the traffic
load on network-links. MRTG generates HTML pages containing PNG
images which provide a LIVE visual representation of this traffic."
babl-devel-docs,库,工具, Documentation for developing programs that will use babl, This package contains documentation needed for developing with babl.
HdrHistogram,库,工具, A High Dynamic Range (HDR) Histogram," HdrHistogram supports the recording and analyzing sampled data value
counts across a configurable integer value range with configurable value
precision within the range. Value precision is expressed as the number of
significant digits in the value recording, and provides control over value
quantization behavior across the value range and the subsequent value
resolution at any given level."
perl-libnetcfg,库,工具, Configure libnet, The libnetcfg utility can be used to configure the libnet.
java-11-alibaba-dragonwell-headless-fastdebug,库,工具, Alibaba Dragonwell11 Runtime Environment headless fastdebug, Alibaba Dragonwell11 Runtime Environment headless fastdebug
perl-Sub-Uplevel,库,工具, Apparently run a function in a higher stack frame," Like Tcl's uplevel() function, but not quite so dangerous. The idea is
just to fool caller(). All the really naughty bits of Tcl's uplevel()
are avoided."
anolis-logos-httpd,库,工具,Anolis OS related icons and pictures used by httpd ,"Licensed only for approved usage, see COPYING for details. "
qt5-linguist,库,工具, Qt5 Linguist Tools, Tools to add translations to Qt5 applications.
ibacm,库,服务, InfiniBand Communication Manager Assistant," The ibacm daemon helps reduce the load of managing path record lookups on
large InfiniBand fabrics by providing a user space implementation of what
is functionally similar to an ARP cache.  The use of ibacm, when properly
configured, can reduce the SA packet load of a large IB cluster from O(n^2)
to O(n).  The ibacm daemon is started and normally runs in the background,
user applications need not know about this daemon as long as their app
uses librdmacm to handle connection bring up/tear down.  The librdmacm
library knows how to talk directly to the ibacm daemon to retrieve data."
kf5-kwayland,库,工具, KDE Frameworks 5 library that wraps Client and Server Wayland libraries, KDE Frameworks 5 library that wraps Client and Server Wayland libraries.
libxshmfence,库,服务, X11 shared memory fences," Shared memory fences for X11, as used in DRI3."
texlive-collection-fontsrecommended,库,工具, Recommended fonts," Recommended fonts, including the base 35 PostScript fonts,
Latin Modern, TeX Gyre, and T1 and other encoding support for
Computer Modern, in outline form."
swig-gdb,库,工具, Commands for easier debugging of SWIG," This package contains file with commands for easier debugging of SWIG
in gdb."
abrt-gui-libs,库,工具, Libraries for abrt-gui, Libraries for abrt-gui.
libreport-newt,库,工具, libreport's newt interface," This package contains a simple newt application for reporting
bugs"
libreport-anaconda,库,工具, Default configuration for reporting anaconda bugs," Default configuration for reporting Anaconda problems or uploading the gathered
data over ftp/scp..."
glibc-gconv-extra,库,工具, All iconv converter modules for glibc., This package contains all iconv converter modules built in glibc.
libwayland-cursor,库,工具, Wayland cursor library, Wayland cursor library
elfutils-libelf-devel-static,库,工具, Static archive of libelf," The elfutils-libelf-static package contains the static archive
for libelf."
python2-scour,库,工具, An SVG scrubber, An SVG scrubber.
postfix-mysql,库,工具, Postfix MySQL map support," This provides support for MySQL maps in Postfix. If you plan to use MySQL
maps with Postfix, you need this."
ffmpeg,库,服务, Digital VCR and streaming server," FFmpeg is a complete and free Internet live audio and video
broadcasting solution for Linux/Unix. It also includes a digital
VCR. It can encode in real time in many formats including MPEG1 audio
and video, MPEG4, h263, ac3, asf, avi, real, mjpeg, and flash."
mod_auth_mellon-diagnostics,库,工具, Build of mod_auth_mellon with diagnostic logging," Build of mod_auth_mellon with diagnostic logging. See README.redhat.rst
in the doc directory for instructions on using the diagnostics build."
perl-Sys-Hostname,库,工具, Try every conceivable way to get a hostname," It attempts several methods of getting the system hostname and then caches the
result."
qt5-rpm-macros,库,工具, RPM macros for building Qt5 and KDE Frameworks 5 packages, RPM macros for building Qt5 and KDE Frameworks 5 packages.
jigawatts,库,工具, Java CRIU helper," CRIU is a Linux utility that allows the checkpointing and restoring
of processes.You can read more about CRIU at criu.org. CRIU for
Java is a package which makes it more convenient to use CRIU from
Java."
texlive-lm,库,工具, Latin modern fonts in outline formats," The Latin Modern family of fonts consists of 72 text fonts and
20 mathematics fonts, and is based on the Computer Modern fonts
released into public domain by AMS (copyright (c) 1997 AMS).
The lm font set contains a lot of additional characters, mainly
accented ones, but not exclusively. There is one set of fonts,
available both in Adobe Type 1 format (*.pfb) and in OpenType
format (*.otf). There are five sets of TeX Font Metric files,
corresponding to: Cork encoding (cork-*.tfm); QX encoding (qx-
*.tfm); TeX'n'ANSI aka LY1 encoding (texnansi-*.tfm); T5
(Vietnamese) encoding (t5-*.tfm); and Text Companion for EC
fonts aka TS1 (ts1-*.tfm)."
edk2-ovmf,库,其它, UEFI firmware for x86_64 virtual machines," OVMF (Open Virtual Machine Firmware) is a project to enable UEFI support for
Virtual Machines. This package contains a sample 64-bit UEFI firmware for QEMU
and KVM."
rust-gdb,库,工具, GDB pretty printers for Rust," This package includes the rust-gdb script, which allows easier debugging of Rust
programs."
ocaml-runtime,库,工具, OCaml runtime environment," OCaml is a high-level, strongly-typed, functional and object-oriented
programming language from the ML family of languages.

This package contains the runtime environment needed to run OCaml
bytecode."
libradosstriper1,库,工具, RADOS striping interface," Striping interface built on top of the rados library, allowing
to stripe bigger objects onto several standard rados objects using
an interface very similar to the rados one."
anolis-logos-ipa,库,工具, Anolis OS related icons and pictures used by ipa," Licensed only for approved usage, see COPYING for details."
libreport-plugin-bugzilla,库,工具, libreport's bugzilla plugin, Plugin to report bugs into the bugzilla.
mingw32-openssl,库,工具, MinGW port of the OpenSSL toolkit," The OpenSSL toolkit provides support for secure communications between
machines. OpenSSL includes a certificate management tool and shared
libraries which provide various cryptographic algorithms and
protocols.

This package contains Windows (MinGW) libraries and development tools."
gnome-characters,库,工具, Character map application for GNOME," Characters is a simple utility application to find and insert unusual
characters."
polkit-pkla-compat,库,工具, Rules for polkit to add compatibility with pklocalauthority," A polkit JavaScript rule and associated helpers that mostly provide
compatibility with the .pkla file format supported in polkit <= 0.105 for users
of later polkit releases."
lightdm-gtk,库,服务, LightDM GTK Greeter, A LightDM greeter that uses the GTK3 toolkit.
xkeyboard-config,库,工具, X Keyboard Extension configuration data," This package contains configuration data used by the X Keyboard Extension (XKB),
which allows selection of keyboard layouts when using a graphical interface."
redhat-lsb-cxx,库,服务, LSB CXX module support," The Linux Standard Base (LSB) CXX module supports the core interfaces by
providing system interfaces, libraries, and a runtime environment for
applications built using the C++ programming language. These interfaces
provide low-level support for the core constructs of the language, and
implement the standard base C++ libraries."
mojo-parent,库,工具, Codehaus MOJO parent project pom file, Codehaus MOJO parent project pom file
geoclue2-demos,库,工具, Demo applications for geoclue2, The geoclue2-demos package contains demo applications that use geoclue2.
python2-nose,库,工具, Nose Documentation," nose extends the test loading and running features of unit test, making
it easier to write, find and run tests.

By default, nose will run tests in files or directories under the
current working directory whose names include ""test"" or ""Test"" at a
word boundary (like ""test_this"" or ""functional_test"" or ""TestClass""
but not ""libtest""). Test output is similar to that of unit test, but
also includes captured stdout output from failing tests, for easy
print-style debugging.

These features, and many more, are customizable through the use of
plugins. Plugins included with nose provide support for doctest, code
coverage and profiling, flexible attribute-based test selection,
output capture and more."
maven-resolver-transport-file,库,工具, Maven Artifact Resolver Transport File, A transport implementation for repositories using file:// URLs.
crun,库,工具, OCI runtime written in C, crun is a runtime for running OCI containers
minizip,库,工具, Minizip contrib in zlib with the latest bug fixes and advanced features," Minizip zlib contribution that includes:
* AES encryption
* I/O buffering
* PKWARE disk splitting
It also has the latest bug fixes that having been found all over the internet."
papirus-icon-theme,库,工具, Free and open source SVG icon theme based on Paper Icon Set," Papirus is a free and open source SVG icon theme for Linux, based on Paper
Icon Set with a lot of new icons and a few extras, like Hardcode-Tray support,
KDE colorscheme support, Folder Color support, and others.

Papirus icon theme is available in six variants:

 - Papirus (for Arc / Arc Darker)
 - Papirus Dark (for Arc Dark)
 - Papirus Light (light theme with Breeze colors)
 - Papirus Adapta (for Adapta)
 - Papirus Adapta Nokto (for Adapta Nokto)
 - ePapirus (for elementary OS and Pantheon Desktop)"
libguestfs-bash-completion,库,工具, Bash tab-completion scripts for libguestfs tools," Install this package if you want intelligent bash tab-completion
for guestfish, guestmount and various virt-* tools."
libreoffice-filters,库,工具, All import / export filters," Metapackage to pull in all subpackages that contain import or export
filters."
postgresql-odbc,库,服务, PostgreSQL ODBC driver," This package includes the driver needed for applications to access a
PostgreSQL system via ODBC (Open Database Connectivity)."
perl-utils,库,工具, Utilities packaged with the Perl distribution," Several utilities which come with Perl distribution like h2ph, perlbug,
perlthanks, and pl2pm. Some utilities are provided by more specific
packages like perldoc by perl-Pod-Perldoc and splain by perl-diagnostics."
glibc-locale-source,库,工具,The sources for the locales ,"The sources for all locales provided in the language packs.
If you are building custom locales you will most likely use
these sources as the basis for your new locale. "
python3-nose,库,工具, Nose Documentation," nose extends the test loading and running features of unit test, making
it easier to write, find and run tests.

By default, nose will run tests in files or directories under the
current working directory whose names include ""test"" or ""Test"" at a
word boundary (like ""test_this"" or ""functional_test"" or ""TestClass""
but not ""libtest""). Test output is similar to that of unit test, but
also includes captured stdout output from failing tests, for easy
print-style debugging.

These features, and many more, are customizable through the use of
plugins. Plugins included with nose provide support for doctest, code
coverage and profiling, flexible attribute-based test selection,
output capture and more.

This package installs the nose module and nosetests3 program that can discover
python3 unit tests."
plexus-compiler-extras,库,工具, Extra compiler support for plexus-compiler," Additional support for csharp, eclipse and jikes compilers"
tcl,库,工具," Tool Command Language, pronounced tickle"," The Tcl (Tool Command Language) provides a powerful platform for
creating integration applications that tie together diverse
applications, protocols, devices, and frameworks. When paired with the
Tk toolkit, Tcl provides a fastest and powerful way to create
cross-platform GUI applications.  Tcl can also be used for a variety
of web-related tasks and for creating powerful command languages for
applications."
python3-setuptools_scm,库,工具, Blessed package to manage your versions by scm tags," Setuptools_scm handles managing your python package versions in scm metadata.
It also handles file finders for the suppertes scms."
xmvn-connector-aether,库,工具, XMvn Connector for Maven Resolver," This package provides XMvn Connector for Maven Resolver, which
provides integration of Maven Resolver with XMvn.  It provides an
adapter which allows XMvn resolver to be used as Maven workspace
reader."
sssd-winbind-idmap,库,服务,SSSD's idmap_sss Backend for Winbind ,"The idmap_sss module provides a way for Winbind to call SSSD to map UIDs/GIDs
and SIDs. "
jolokia-jvm-agent,库,工具, Jolokia JVM Agent, Jolokia JVM Agent.
python2-setuptools_scm,库,工具, Blessed package to manage your versions by scm tags," Setuptools_scm handles managing your python package versions in scm metadata.
It also handles file finders for the suppertes scms."
gutenprint,库,服务, Printer Drivers Package," Gutenprint is a package of high quality printer drivers for Linux, BSD,
Solaris, IRIX, and other UNIX-alike operating systems.
Gutenprint was formerly called Gimp-Print."
breeze-cursor-theme,库,服务, Breeze cursor theme, Breeze cursor theme.
python3-sphinx,库,工具, Python documentation generator," Sphinx is a tool that makes it easy to create intelligent and
beautiful documentation for Python projects (or other documents
consisting of multiple reStructuredText sources), written by Georg
Brandl. It was originally created to translate the new Python
documentation, but has now been cleaned up in the hope that it will be
useful to many other projects.

Sphinx uses reStructuredText as its markup language, and many of its
strengths come from the power and straightforwardness of
reStructuredText and its parsing and translating suite, the Docutils.

Although it is still under constant development, the following
features are already present, work fine and can be seen ""in action"" in
the Python docs:

    * Output formats: HTML (including Windows HTML Help) and LaTeX,
      for printable PDF versions
    * Extensive cross-references: semantic markup and automatic links
      for functions, classes, glossary terms and similar pieces of
      information
    * Hierarchical structure: easy definition of a document tree, with
      automatic links to siblings, parents and children
    * Automatic indices: general index as well as a module index
    * Code handling: automatic highlighting using the Pygments highlighter
    * Various extensions are available, e.g. for automatic testing of
      snippets and inclusion of appropriately formatted docstrings."
guile,库,工具, A GNU implementation of Scheme for application extensibility," GUILE (GNU's Ubiquitous Intelligent Language for Extension) is a library
implementation of the Scheme programming language, written in C.  GUILE
provides a machine-independent execution platform that can be linked in
as a library during the building of extensible programs.

Install the guile package if you'd like to add extensibility to programs
that you are developing."
libecpg,库,工具, ECPG - Embedded SQL in C," An embedded SQL program consists of code written in an ordinary programming
language, in this case C, mixed with SQL commands in specially marked sections.
To build the program, the source code (*.pgc) is first passed through the
embedded SQL preprocessor, which converts it to an ordinary C program (*.c), and
afterwards it can be processed by a C compiler."
vm-dump-metrics,库,服务,Virtualization host metrics dump ,"Executable to dump all available virtualization host metrics to stdout
or a file. "
java-1.8.0-alibaba-dragonwell-javadoc-zip,库,工具, Alibaba Dragonwell 1.8.0 javadoc zip, Alibaba Dragonwell 1.8.0 javadoc zip
perl-Test-Taint,库,工具, Tools to test taintedness," Tainted data is data that comes from an unsafe source, such as the command
line, or, in the case of web apps, any GET or POST transactions. Read the
perlsec man page for details on why tainted data is bad, and how to untaint
the data.

When you're writing unit tests for code that deals with tainted data, you'll
want to have a way to provide tainted data for your routines to handle, and
easy ways to check and report on the taintedness of your data, in standard
Test::More style."
mingw64-openssl,库,工具, MinGW port of the OpenSSL toolkit," The OpenSSL toolkit provides support for secure communications between
machines. OpenSSL includes a certificate management tool and shared
libraries which provide various cryptographic algorithms and
protocols.

This package contains Windows (MinGW) libraries and development tools."
ucx-ib,库,工具, UCX RDMA support," Provides support for IBTA-compliant transports for UCX. This includes RoCE,
InfiniBand, OmniPath, and any other transport supported by IB Verbs API.
Typically these transports provide RDMA support, which enables a fast and
hardware-offloaded data transfer."
liboggz,库,工具, Simple programming interface for Ogg files and streams," Oggz provides a simple programming interface for reading and writing
Ogg files and streams. Ogg is an interleaving data container developed
by Monty at Xiph.Org, originally to support the Ogg Vorbis audio
format."
appstream-data,库,工具, Cached AppStream metadata," This package provides the distribution specific AppStream metadata required
for the GNOME and KDE software centers."
mingw64-crt,库,工具, MinGW Windows cross-compiler runtime for the win64 target," MinGW Windows cross-compiler runtime, base libraries for the win64 target."
vulkan-headers,库,工具, Vulkan Header files and API registry, Vulkan Header files and API registry
Xaw3d,库,工具, A version of the MIT Athena widget set for X," Xaw3d is an enhanced version of the MIT Athena Widget set for
the X Window System.  Xaw3d adds a three-dimensional look to applications
with minimal or no source code changes.

You should install Xaw3d if you are using applications which incorporate
the MIT Athena widget set and you'd like to incorporate a 3D look into
those applications."
php-pecl-xdebug3,库,工具, Provides functions for function traces and profiling," The Xdebug extension helps you debugging your script by providing a lot of
valuable debug information. The debug information that Xdebug can provide
includes the following:

* stack and function traces in error messages with:
  o full parameter display for user defined functions
  o function name, file name and line indications
  o support for member functions
* memory allocation
* protection for infinite recursions

Xdebug also provides:

* profiling information for PHP scripts
* code coverage analysis
* capabilities to debug your scripts interactively with a debug client

Documentation: https://xdebug.org/docs/"
container-selinux,库,服务, SELinux policies for container runtimes, SELinux policy modules for use with container runtimes.
fltk,库,工具, C++ user interface toolkit," FLTK (pronounced ""fulltick"") is a cross-platform C++ GUI toolkit.
It provides modern GUI functionality without the bloat, and supports
3D graphics via OpenGL and its built-in GLUT emulation."
pcsc-lite,库,工具, PC/SC Lite smart card framework and applications," The purpose of PC/SC Lite is to provide a Windows(R) SCard interface
in a very small form factor for communicating to smartcards and
readers.  PC/SC Lite uses the same winscard API as used under
Windows(R).  This package includes the PC/SC Lite daemon, a resource
manager that coordinates communications with smart card readers and
smart cards that are connected to the system, as well as other command
line tools."
ucx-rdmacm,库,工具, UCX RDMA connection manager support," Provides RDMA connection-manager support to UCX, which enables client/server
based connection establishment for RDMA-capable transports."
fcitx-gtk3,库,工具, Fcitx IM module for gtk3, This package contains Fcitx IM module for gtk3.
xmvn-tools-pom,库,工具, XMvn Tools POM, This package provides XMvn Tools parent POM.
gcc-toolset-9-ltrace,库,工具, Tracks runtime library calls from dynamically linked executables," Ltrace is a debugging program which runs a specified command until the
command exits.  While the command is executing, ltrace intercepts and
records both the dynamic library calls called by the executed process
and the signals received by the executed process.  Ltrace can also
intercept and print system calls executed by the process.

You should install ltrace if you need a sysadmin tool for tracking the
execution of processes."
xmvn-resolve,库,工具, XMvn Resolver," This package provides XMvn Resolver, which is a very simple
commald-line tool to resolve Maven artifacts from system repositories.
Basically it's just an interface to artifact resolution mechanism
implemented by XMvn Core.  The primary intended use case of XMvn
Resolver is debugging local artifact repositories."
varnish-docs,库,工具, Documentation files for varnish, Documentation files for varnish
adobe-mappings-pdf,库,工具, PDF mapping resources from Adobe," Mapping resources for PDF have a variety of functions, such as mapping CIDs
(Character IDs) to character codes, or mapping character codes to other
character codes.

These mapping resources for PDF should not be confused with CMap resources.
While both types of resources share the same file structure and syntax, they
have very different functions.

These PDF mapping resources are useful for some applications (e.g. Ghostscript)
to function properly."
pmempool,库,工具, Utilities for Persistent Memory," The pmempool is a standalone utility for management and off-line analysis
of Persistent Memory pools created by PMDK libraries. It provides a set
of utilities for administration and diagnostics of Persistent Memory pools.
The pmempool may be useful for troubleshooting by system administrators
and users of the applications based on PMDK libraries."
texlive-marvosym,库,其它, Martin Vogel's Symbols (marvosym) font," Martin Vogel's Symbol font (marvosym) contains the Euro
currency symbol as defined by the European commission, along
with symbols for structural engineering; symbols for steel
cross-sections; astronomy signs (sun, moon, planets); the 12
signs of the zodiac; scissor symbols; CE sign and others. The
package contains both the original TrueType font and the
derived Type 1 font, together with support files for TeX
(LaTeX)."
man-pages,库,工具,Linux kernel and C library user-space interface documentation ,A large collection of manual pages from the Linux Documentation Project (LDP). 
xmvn-mojo,库,工具, XMvn MOJO," This package provides XMvn MOJO, which is a Maven plugin that consists
of several MOJOs.  Some goals of these MOJOs are intended to be
attached to default Maven lifecycle when building packages, others can
be called directly from Maven command line."
libtasn1-tools,库,工具, Some ASN.1 tools," This package contains simple tools that can decode and encode ASN.1
data."
perl-Params-Check,库,工具, Generic input parsing/checking mechanism," This is a generic input parsing/checking mechanism. It allows you to
validate input via a template. The only requirement is that the arguments
must be named."
java-11-alibaba-dragonwell-jmods-fastdebug,库,工具, Alibaba Dragonwell11 Runtime Environment jmods fastdebug, Alibaba Dragonwell11 Runtime Environment jmods fastdebug
hawtjni,库,工具, Code generator that produces the JNI code," HawtJNI is a code generator that produces the JNI code needed to
implement java native methods. It is based on the jnigen code generator
that is part of the SWT Tools project which is used to generate all the
JNI code which powers the eclipse platform."
vmaf,库,服务, Video Multi-Method Assessment Fusion," VMAF is a perceptual video quality assessment algorithm developed by
Netflix. VMAF Development Kit (VDK) is a software package that contains
the VMAF algorithm implementation, as well as a set of tools that allows
a user to train and test a custom VMAF model. For an overview, read this
tech blog post, or this slide deck.

https://github.com/Netflix/vmaf/blob/master/resource/doc/VMAF_ICIP17.pdf"
unicode-ucd-unihan,库,工具, Unicode Han Database," This package contains Unihan.zip which contains the data files for the Unified
Han database of Hanzi/Kanji/Hanja Chinese characters."
python3-pygments,库,工具, Syntax highlighting engine written in Python," Pygments is a generic syntax highlighter for general use in all kinds
of software such as forum systems, wikis or other applications that
need to prettify source code. Highlights are:

  * a wide range of common languages and markup formats is supported
  * special attention is paid to details that increase highlighting
    quality
  * support for new languages and formats are added easily; most
    languages use a simple regex-based lexing mechanism
  * a number of output formats is available, among them HTML, RTF,
    LaTeX and ANSI sequences
  * it is usable as a command-line tool and as a library
  * ... and it highlights even Brainf*ck!"
mtr-gtk,库,工具, GTK+ interface for MTR," MTR combines the functionality of the 'traceroute' and 'ping' programs
in a single network diagnostic tool. The mtr-gtk package provides the
GTK+ interface for MTR.

When MTR is started, it investigates the network connection between the
host MTR runs on and the user-specified destination host. Afterwards it
determines the address of each network hop between the machines and sends
a sequence of ICMP echo requests to each one to determine the quality of
the link to each machine. While doing this, it prints running statistics
about each machine."
sblim-gather,库,服务, SBLIM Gatherer," Standards Based Linux Instrumentation for Manageability
Performance Data Gatherer Base.
This package contains the agents and control programs for gathering
and providing performance data."
nghttp2,库,工具," Experimental HTTP/2 client, server and proxy"," This package contains the HTTP/2 client, server and proxy programs."
cups-filters,库,工具, OpenPrinting CUPS filters and backends," Contains backends, filters, and other software that was
once part of the core CUPS distribution but is no longer maintained by
Apple Inc. In addition it contains additional filters developed
independently of Apple, especially filters for the PDF-centric printing
workflow introduced by OpenPrinting."
docbook-dtds,库,工具, SGML and XML document type definitions for DocBook," The DocBook Document Type Definition (DTD) describes the syntax of
technical documentation texts (articles, books and manual pages).
This syntax is XML-compliant and is developed by the OASIS consortium.
This package contains SGML and XML versions of the DocBook DTD."
lzo-minilzo,库,工具,Mini version of lzo for apps which don't need the full version ,"A small (mini) version of lzo for embedding into applications which don't need
full blown lzo compression support. "
rubygem-minitest,库,工具, Minitest provides a complete suite of testing facilities," minitest/unit is a small and incredibly fast unit testing framework.

minitest/spec is a functionally complete spec engine.

minitest/benchmark is an awesome way to assert the performance of your
algorithms in a repeatable manner.

minitest/mock by Steven Baker, is a beautifully tiny mock object
framework.

minitest/pride shows pride in testing and adds coloring to your test
output."
perltidy,库,工具, Tool for indenting and re-formatting Perl scripts," Perltidy is a Perl script that indents and re-formats Perl scripts to
make them easier to read. If you write Perl scripts, or spend much
time reading them, you will probably find it useful. The formatting
can be controlled with command line parameters. The default parameter
settings approximately follow the suggestions in the Perl Style Guide.
Perltidy can also output HTML of both POD and source code. Besides
re-formatting scripts, Perltidy can be a great help in tracking down
errors with missing or extra braces, parentheses, and square brackets
because it is very good at localizing errors."
spec-version-maven-plugin,库,工具, Spec Version Maven Plugin," Maven Plugin to configure APIs version and
specs in a MANIFEST.MF file."
gl-manpages,库,工具, OpenGL manpages, OpenGL manpages
dleyna-connector-dbus,库,服务, D-Bus connector for dLeyna services, D-Bus connector for dLeyna services.
libwayland-egl,库,工具, Wayland egl library, Wayland egl library
python2-pygments,库,工具, Syntax highlighting engine written in Python," Pygments is a generic syntax highlighter for general use in all kinds
of software such as forum systems, wikis or other applications that
need to prettify source code. Highlights are:

  * a wide range of common languages and markup formats is supported
  * special attention is paid to details that increase highlighting
    quality
  * support for new languages and formats are added easily; most
    languages use a simple regex-based lexing mechanism
  * a number of output formats is available, among them HTML, RTF,
    LaTeX and ANSI sequences
  * it is usable as a command-line tool and as a library
  * ... and it highlights even Brainf*ck!"
mariadb-connector-c-config,库,工具, Configuration files for packages that use /etc/my.cnf as a configuration file," This package delivers /etc/my.cnf that includes other configuration files
from the /etc/my.cnf.d directory and ships this directory as well.
Other packages should only put their files into /etc/my.cnf.d directory
and require this package, so the /etc/my.cnf file is present."
rootfiles,库,工具,The basic required files for the root user's directory ,"The rootfiles package contains basic required files that are placed
in the root user's account.  These files are basically the same
as those in /etc/skel, which are placed in regular
users' home directories. "
perl-CGI,库,工具, Handle Common Gateway Interface requests and responses," CGI.pm is a stable, complete and mature solution for processing and preparing
HTTP requests and responses. Major features including processing form
submissions, file uploads, reading and writing cookies, query string
generation and manipulation, and processing and preparing HTTP headers. Some
HTML generation utilities are included as well.

CGI.pm performs very well in in a vanilla CGI.pm environment and also comes
with built-in support for mod_perl and mod_perl2 as well as FastCGI."
gnome-user-docs,库,服务, GNOME User Documentation," This package contains end-user documentation for the GNOME desktop
environment."
libreport-plugin-mailx,库,工具, libreport's mailx reporter plugin," The simple reporter plugin which sends a report via mailx to a specified
email address."
java-11-alibaba-dragonwell-headless-slowdebug,库,工具, Alibaba Dragonwell11 Runtime Environment headless slowdebug, Alibaba Dragonwell11 Runtime Environment headless slowdebug
golang-misc,库,工具, Golang compiler miscellaneous sources, Golang compiler miscellaneous sources.
librsvg2-tools,库,工具, Extra tools for librsvg, This package provides extra utilities based on the librsvg library.
anolis-gpg-keys,其它,工具, Anolis OS RPM keys, Anolis OS RPM signature keys
kernel-abi-stablelists,其它,工具,The Red Hat Enterprise Linux kernel ABI symbol stablelists ,"The kABI package contains information pertaining to the Red Hat Enterprise
Linux kernel ABI, including lists of kernel symbols that are needed by
external Linux kernel modules, and a yum plugin to aid enforcement. "
adobe-mappings-cmap,其它,工具, CMap resources for Adobe's character collections," CMap (Character Map) resources are used to unidirectionally map character codes,
such as Unicode encoding form, to CIDs (Character IDs -- meaning glyphs) of a
CIDFont resource.

These CMap resources are useful for some applications (e.g. Ghostscript) to
correctly display text containing Japanese, (Traditional) Chinese, or Korean
characters."
system-lsb-printing,其它,库, LSB Printing module support," The Linux Standard Base (LSB) Printing specifications define components that
are required to be present on an LSB conforming system."
bitmap-fonts-compat,其它,库, Compatibility files of bitmap-font families," 
The bitmap-fonts package provides a number of bitmap fonts selected
from the xorg package designed for use locations such as
terminals.
Meta-package for installing all font families of bitmap."
hwdata,其它,工具,Hardware identification and configuration data ,"hwdata contains various hardware identification and configuration data,
such as the pci.ids and usb.ids databases. "
google-roboto-slab-fonts,其它,库, Google Roboto Slab fonts," Roboto has a dual nature. It has a mechanical skeleton and the forms are
largely geometric. At the same time, the font features friendly and open
curves. While some grotesks distort their letterforms to force a rigid
rhythm, Roboto doesn't compromise, allowing letters to be settled into
their natural width. This makes for a more natural reading rhythm more
commonly found in humanist and serif types.

This is the Roboto Slab family, which can be used alongside the normal
Roboto family and the Roboto Condensed family."
system-lsb-core,其它,服务, LSB Core module support," The Linux Standard Base (LSB) Core module support provides the fundamental
system interfaces, libraries, and runtime environment upon which all conforming
applications and libraries depend."
kubernetes,服务,工具, Container cluster management, Container cluster management
rng-tools,服务,工具,Random number generator related utilities ,"This is a random number generator daemon and its tools. It monitors
a set of entropy sources present on a system (like /dev/hwrng, RDRAND,
TPM, jitter) and supplies entropy from them to a kernel entropy pool. "
kwin-wayland,服务,工具, KDE Window Manager with experimental Wayland support, KDE Window Manager with experimental Wayland support.
mutter,服务,工具, Window and compositing manager based on Clutter," Mutter is a window and compositing manager that displays and manages
your desktop via OpenGL. Mutter combines a sophisticated display engine
using the Clutter toolkit with solid window-management logic inherited
from the Metacity window manager.

While Mutter can be used stand-alone, it is primarily intended to be
used as the display core of a larger system such as GNOME Shell. For
this reason, Mutter is very extensible via plugins, which are used both
to add fancy visual effects and to rework the window management
behaviors to meet the needs of the environment."
cups,服务,工具, CUPS printing system," CUPS printing system provides a portable printing layer for
UNIX庐 operating systems. It has been developed by Apple Inc.
to promote a standard printing solution for all UNIX vendors and users.
CUPS provides the System V and Berkeley command-line interfaces."
udisks2-lvm2,服务,库, Module for LVM2, This package contains module for LVM2 configuration.
xorg-x11-xinit-session,服务,工具, Display manager support for ~/.xsession and ~/.Xclients," Allows legacy ~/.xsession and ~/.Xclients files to be used from display
managers."
tzdata-java,服务,库, Timezone data for Java, This package contains timezone information for use by Java runtimes.
memcached,服务,库," High Performance, Distributed Memory Object Cache"," memcached is a high-performance, distributed memory object caching
system, generic in nature, but intended for use in speeding up dynamic
web applications by alleviating database load."
epel-next-release,服务,其它, Extra Packages for Enterprise Linux Next repository configuration," This package contains the Extra Packages for Enterprise Linux (EPEL) Next
configuration for yum."
p11-kit-server,服务,工具,Server and client commands for p11-kit ,"The p11-kit-server package contains command line tools that enable to
export PKCS#11 modules through a Unix domain socket.  Note that this
feature is still experimental. "
udisks2-iscsi,服务,库, Module for iSCSI, This package contains module for iSCSI configuration.
polkit-docs,服务,工具,Development documentation for polkit ,Development documentation for polkit. 
tuned-profiles-compat,服务,工具,Additional tuned profiles mainly for backward compatibility with tuned 1.0 ,"Additional tuned profiles mainly for backward compatibility with tuned 1.0.
It can be also used to fine tune your system for specific scenarios. "
gssdp,服务,库, Resource discovery and announcement over SSDP," GSSDP implements resource discovery and announcement over SSDP and is part
of gUPnP.  GUPnP is an object-oriented open source framework for creating
UPnP devices and control points, written in C using GObject and libsoup. The
GUPnP API is intended to be easy to use, efficient and flexible."
pam_ssh_agent_auth,服务,库,PAM module for authentication with ssh-agent ,"This package contains a PAM module which can be used to authenticate
users using ssh keys stored in a ssh-agent. Through the use of the
forwarding of ssh-agent connection it also allows to authenticate with
remote ssh-agent instance.

The module is most useful for su and sudo service stacks. "
containernetworking-plugins,服务,库, CNI network plugins," The CNI (Container Network Interface) project consists of a specification
and libraries for writing plugins to configure network interfaces in Linux
containers, along with a number of supported plugins. CNI concerns itself
only with network connectivity of containers and removing allocated resources
when the container is deleted."
flatpak,服务,工具, Application deployment framework for desktop apps," flatpak is a system for building, distributing and running sandboxed desktop
applications on Linux. See https://wiki.gnome.org/Projects/SandboxedApps for
more information."
gnome-terminal,服务,工具, Terminal emulator for GNOME," gnome-terminal is a terminal emulator for GNOME. It features the ability to use
multiple terminals in a single window (tabs) and profiles support."
gnome-software,服务,工具, A software center for GNOME," gnome-software is an application that makes it easy to add, remove
and update software in the GNOME desktop."
telnet,服务,工具, The client program for the Telnet remote login protocol," Telnet is a popular protocol for logging into remote systems over the
Internet. The package provides a command line Telnet client"
spice-server,服务,库, Implements the server side of the SPICE protocol," The Simple Protocol for Independent Computing Environments (SPICE) is
a remote display system built for virtual environments which allows
you to view a computing 'desktop' environment not only on the machine
where it is running, but from anywhere on the Internet and from a wide
variety of machine architectures.

This package contains the run-time libraries for any application that wishes
to be a SPICE server."
kwin,服务,工具, KDE Window manager, KDE Window manager.
cups-filesystem,服务,工具, CUPS printing system - directory layout," CUPS printing system provides a portable printing layer for
UNIX庐 operating systems. This package provides some directories which are
required by other packages that add CUPS drivers (i.e. filters, backends etc.)."
oceanbase-ce-libs,服务,库, OceanBase CE is a distributed relational database, OceanBase CE is a distributed relational database
bind-dyndb-ldap,服务,库, LDAP back-end plug-in for BIND," This package provides an LDAP back-end plug-in for BIND. It features
support for dynamic updates and internal caching, to lift the load
off of your LDAP server."
qemu-kvm-ui-spice,服务,工具, QEMU spice support, This package provides spice support.
postgresql-docs,服务,库, Extra documentation for PostgreSQL," The postgresql-docs package contains some additional documentation for
PostgreSQL.  Currently, this includes the main documentation in PDF format
and source files for the PostgreSQL tutorial."
certmonger,服务,工具, Certificate status monitor and PKI enrollment client," Certmonger is a service which is primarily concerned with getting your
system enrolled with a certificate authority (CA) and keeping it enrolled."
gnome-getting-started-docs,服务,工具, Help a new user get started in GNOME," This package contains a 'Getting Started' guide that can be viewed
with yelp. It is normally used together with gnome-initial-setup."
grafana,服务,工具, Metrics dashboard and graph editor," Grafana is an open source, feature rich metrics dashboard and graph editor for
Graphite, InfluxDB & OpenTSDB."
stratisd-dracut,服务,工具, Dracut modules for use with stratisd," 
This package contains dracut modules to be used with stratisd
to enable using Stratis filesystems as the root filesystem for
a Linux install."
cups-lpd,服务,工具, CUPS printing system - lpd emulation," CUPS printing system provides a portable printing layer for
UNIX庐 operating systems. This is the package that provides standard
lpd emulation."
containers-common,服务,工具, Configuration files for working with image signatures," This package installs a default signature store configuration and a default
policy under `/etc/containers/`."
update-motd,服务,工具, Framework for dynamically generating MOTD," Framework and scripts for producing a dynamically generated Message Of The Day.
Based on and compatible with the framework implemented Ubuntu."
pacemaker,服务,工具, Scalable High-Availability cluster resource manager," Pacemaker is an advanced, scalable High-Availability cluster resource
manager.

It supports more than 16 node clusters with significant capabilities
for managing resources and dependencies.

It will run scripts at initialization, when machines go up or down,
when related resources fail and can be configured to periodically check
resource health.

Available rpmbuild rebuild options:
  --with(out) : cibsecrets coverage doc hardening pre_release profiling stonithd"
polkit,服务,工具, An authorization framework," polkit is a toolkit for defining and handling authorizations.  It is
used for allowing unprivileged processes to speak to privileged
processes."
opencryptoki,服务,工具,Implementation of the PKCS#11 (Cryptoki) specification v3.0 ,"Opencryptoki implements the PKCS#11 specification v2.20 for a set of
cryptographic hardware, such as IBM 4764 and 4765 crypto cards, and the
Trusted Platform Module (TPM) chip. Opencryptoki also brings a software
token implementation that can be used without any cryptographic
hardware.
This package contains the Slot Daemon (pkcsslotd) and general utilities. "
docker-engine,服务,工具, Docker daemon binary and related utilities, Docker daemon binary and related utilities
selinux-policy-sandbox,服务,工具,SELinux policy sandbox ,SELinux sandbox policy used for the policycoreutils-sandbox package 
gnome-initial-setup,服务,工具, Bootstrapping your OS," GNOME Initial Setup is an alternative to firstboot, providing
a good setup experience to welcome you to your system, and walks
you through configuring it. It is integrated with gdm."
libwsman1,服务,库, Open source Implementation of WS-Management, Openwsman library for packages dependent on openwsman.
NetworkManager-tui,服务,工具,NetworkManager curses-based UI ,"This adds a curses-based ""TUI"" (Text User Interface) to
NetworkManager, to allow performing some of the operations supported
by nm-connection-editor and nm-applet in a non-graphical environment. "
rsyslog-mmjsonparse,服务,库, JSON enhanced logging support," This module provides the capability to recognize and parse JSON enhanced
syslog messages."
tigervnc-server-module,服务,库, TigerVNC module to Xorg," This package contains libvnc.so module to X server, allowing others
to access the desktop on your machine."
fuse-sshfs,服务,工具, FUSE-Filesystem to access remote filesystems via SSH," This is a FUSE-filesystem client based on the SSH File Transfer Protocol.
Since most SSH servers already support this protocol it is very easy to set
up: i.e. on the server side there's nothing to do.  On the client side
mounting the filesystem is as easy as logging into the server with ssh."
readonly-root,服务,工具,Service for configuring read-only root support ,"This package provides script & configuration file for setting up read-only root
support. Additional configuration is required after installation. "
gvfs-gphoto2,服务,工具, gphoto2 support for gvfs," This package provides support for reading and writing files on
PTP based cameras (Picture Transfer Protocol) and MTP based
media players (Media Transfer Protocol) to applications using gvfs."
fence-agents-all,服务,工具," Set of unified programs capable of host isolation (""fencing"")"," A collection of executables to handle isolation (""fencing"") of possibly
misbehaving hosts by the means of remote power management, blocking
network, storage, or similar.

This package serves as a catch-all for all supported fence agents."
network-scripts,服务,工具, Legacy scripts for manipulating of network devices," This package contains the legacy scripts for activating & deactivating of most
network interfaces. It also provides a legacy version of 'network' service.

The 'network' service is enabled by default after installation of this package,
and if the network-scripts are installed alongside NetworkManager, then the
ifup/ifdown commands from network-scripts take precedence over the ones provided
by NetworkManager.

If user has both network-scripts & NetworkManager installed, and wishes to
use ifup/ifdown from NetworkManager primarily, then they has to run command:
 $ update-alternatives --config ifup

Please note that running the command above will also disable the 'network'
service."
openssh-askpass,服务,工具, A passphrase dialog for OpenSSH and X," OpenSSH is a free version of SSH (Secure SHell), a program for logging
into and executing commands on a remote machine. This package contains
an X11 passphrase dialog for OpenSSH."
fence-virtd-libvirt,服务,库, Libvirt backend for fence-virtd," Provides fence_virtd with a connection to libvirt to fence
virtual machines.  Useful for running a cluster of virtual
machines on a desktop."
dnf-automatic,服务,工具,Package manager - automated upgrades ,Systemd units that can periodically download package upgrades and apply them. 
setup,服务,工具, A set of system configuration and setup files," The setup package contains a set of important system configuration and
setup files, such as passwd, group, and profile."
dde-printer,服务,工具, Printer Manager is tool to manage printers, Printer Manager is tool to manage printers.
cronie-noanacron,服务,工具,Utility for running simple regular jobs in old cron style ,"Old style of running {hourly,daily,weekly,monthly}.jobs without anacron. No
extra features. "
python3-sss-murmur,服务,库,Python3 bindings for murmur hash function ,Provides python3 module for calculating the murmur hash version 3 
pulseaudio-libs-glib2,服务,库, GLIB 2.x bindings for PulseAudio clients," This package contains bindings to integrate the PulseAudio client library with
a GLIB 2.x based application."
fence-agents-common,服务,库, Common base for Fence Agents," A collection of executables to handle isolation (""fencing"") of possibly
misbehaving hosts by the means of remote power management, blocking
network, storage, or similar.

This package contains support files including the Python fencing library."
accountsservice,服务,库, D-Bus interfaces for querying and manipulating user account information," The accountsservice project provides a set of D-Bus interfaces for
querying and manipulating user account information and an implementation
of these interfaces, based on the useradd, usermod and userdel commands."
vulkan-loader,服务,工具, Vulkan ICD desktop loader," This project provides the Khronos official Vulkan ICD desktop
loader for Windows, Linux, and MacOS."
ctdb,服务,库,A Clustered Database based on Samba's Trivial Database (TDB) ,"CTDB is a cluster implementation of the TDB database used by Samba and other
projects to store temporary data. If an application is already using TDB for
temporary data it is very easy to convert that application to be cluster aware
and use CTDB instead. "
rpcbind,服务,工具, Universal Addresses to RPC Program Number Mapper," The rpcbind utility is a server that converts RPC program numbers into
universal addresses.  It must be running on the host to be able to make
RPC calls on a server on that machine."
system-lsb-submod-multimedia,服务,库, LSB Multimedia submodule support," The Linux Standard Base (LSB) Multimedia submodule specifications define
components that are required to be present on an LSB conforming system."
libsss_nss_idmap,服务,库, Library for SID and certificate based lookups, Utility library for SID and certificate based lookups
netconsole-service,服务,工具,Service for initializing of network console logging ,"This packages provides a 'netconsole' service for loading of netconsole kernel
module with the configured parameters. The netconsole kernel module itself then
allows logging of kernel messages over the network. "
deepin-reader,服务,工具," A simple PDF reader, supporting bookmarks, highlights and annotations"," A simple PDF reader, supporting bookmarks, highlights and annotations."
python3-sss,服务,库, Python3 bindings for sssd," Provides python3 bindings:
    * function for retrieving list of groups user belongs to
    * class for obfuscation of passwords"
rsyslog-mmfields,服务,库, Fields extraction module," The mmfield module permits to extract fields. Using this module is of special
advantage if a field-based log format is to be processed, like for example CEF
and either a large number of fields is needed or a specific field is used multiple
times inside filters."
epel-aliyuncs-next-release,服务,其它, Extra Packages for Enterprise Linux Next repository configuration," This package contains the Extra Packages for Enterprise Linux (EPEL) Next
configuration for yum."
epel-rpm-macros,服务,其它, Extra Packages for Enterprise Linux RPM macros," This package contains the Extra Packages for Enterprise Linux (EPEL) RPM
macros for building EPEL packages."
foomatic,服务,工具, Tools for using the foomatic database of printers and printer drivers," Foomatic is a comprehensive, spooler-independent database of printers,
printer drivers, and driver descriptions. This package contains
utilities to generate driver description files and printer queues for
CUPS, LPD, LPRng, and PDQ using the database (packaged separately).
There is also the possibility to read the PJL options out of PJL-capable
laser printers and take them into account at the driver description
file generation.

There are spooler-independent command line interfaces to manipulate
queues (foomatic-configure) and to print files/manipulate jobs
(foomatic printjob).

The site http://www.linuxprinting.org/ is based on this database."
trousers,服务,库,TCG's Software Stack v1.2 ,"TrouSerS is an implementation of the Trusted Computing Group's Software Stack
(TSS) specification. You can use TrouSerS to write applications that make use
of your TPM hardware. TPM hardware can create, store and use RSA keys
securely (without ever being exposed in memory), verify a platform's software
state using cryptographic hashes and more. "
unbound,服务,工具," Validating, recursive, and caching DNS(SEC) resolver"," Unbound is a validating, recursive, and caching DNS(SEC) resolver.

The C implementation of Unbound is developed and maintained by NLnet
Labs. It is based on ideas and algorithms taken from a java prototype
developed by Verisign labs, Nominet, Kirei and ep.net.

Unbound is designed as a set of modular components, so that also
DNSSEC (secure DNS) validation and stub-resolvers (that do not run
as a server, but are linked into an application) are easily possible."
udisks2-lsm,服务,库, Module for LSM, This package contains module for LSM configuration.
cockpit-composer,服务,工具, Composer GUI for use with Cockpit," Composer generates custom images suitable for deploying systems or uploading to
the cloud. It integrates into Cockpit as a frontend for osbuild."
oceanbase-ce,服务,库, OceanBase CE is a distributed relational database, OceanBase CE is a distributed relational database
netavark,服务,工具, OCI network stack," OCI network stack

Netavark is a rust based network stack for containers. It is being
designed to work with Podman but is also applicable for other OCI
container management applications.

Netavark is a tool for configuring networking for Linux containers.
Its features include:
* Configuration of container networks via JSON configuration file
* Creation and management of required network interfaces,
    including MACVLAN networks
* All required firewall configuration to perform NAT and port
    forwarding as required for containers
* Support for iptables and firewalld at present, with support
    for nftables planned in a future release
* Support for rootless containers
* Support for IPv4 and IPv6
* Support for container DNS resolution via aardvark-dns."
